context,rnastructure,coordinate,edit_type,label
TAGAGAAGCTGTTGGTACCAATTTACCTTTACAGCTAGGTTTTTCTACAGGTGTTAACCTAGTTGCTGTACCTACAGGTTATGTTGATACACCTAATAATACAGATTTTTCCAGAGTTAGTGCTAAACCACCGCCTGGAGATCAATTTAAACACCTCATACCACTTATGTACAAAGGACTTCCTTGGAATGTAGTGCGTAT,((((((((((((.((((......))))...)))))).....)))))).(((((((.....((((((((((.....(((((((....))).)))).....)))))...(((((((.((..(((......))).))))))))).)))))..))))))).((((((((.((((.(.((((....)))).).)))))))).)))),18430,Edited,1
CTTGCTTTAGCACTCAATTTGCTTTTGCTTGTCCTGACGGCGTAAAACACGTCTATCAGTTACGTGCCAGATCAGTTTCACCTAAACTGTTCATCAGACAAGAGGAAGTTCAAGAACTTTACTCTCCAATTTTTCTTATTGTTGCGGCAATAGTGTTTATAACACTTTGCTTCACACTCAAAAGAAAGACAGAATGATTGA,...((...((((.......))))...))(((((((((.(((((.....)))))..))))..........((.((((((.....)))))).))........((((((((((....)))))).))))......((((((...((((.(((((.((((((...))))))))))).)).))....))))))))))).........,27663,Edited,1
TGGTGCAGAAAATTCAGTTGCTTACTCTAATAACTCTATTGCCATACCCACAAATTTTACTATTAGTGTTACCACAGAAATTCTACCAGTGTCTATGACCAAGACATCAGTAGATTGTACAATGTACATTTGTGGTGATTCAACTGAATGCAGCAATCTTTTGTTGCAATATGGCAGTTTTTGTACACAATTAAACCGTGC,((((((((((.....(((((.(((...))))))))..(((((((((................((((((((((((((((...(((((..((((((.......))))))..))))).(((((...))))))))))))))))...))))).((((((((....)))))))).))))))))))))))))).))............,23759,Edited,1
TTCGTCCGTGTTGCAGCCGATCATCAGCACATCTAGGTTTCGTCCGGGTGTGACCGAAAGGTAAGATGGAGAGCCTTGTCCCTGGTTTCAACGAGAAAACACACGTCCAACTCAGTTTGCCTGTTTTACAGGTTCGCGACGTGCTCGTACGTGGCTTTGGAGACTCCGTGGAGGAGGTCTTATCAGAGGCACGTCAACATC,....(((((.((...(((..((.....(((((((.((......)))))))))...))..))))).)))))(((((........)))))..(((((......((((((.......((..((((((...))))))..)))))))))))))(((((.(((((((((((((.....))).)))))..))))).))))).......,301,Non-edited,0
TGCTTATGAAAGTTTACGCCCTGACACACGTTATGTGCTCATGGATGGCTCTATTATTCAATTTCCTAACACCTACCTTGAAGGTTCTGTTAGAGTGGTAACAACTTTTGATTCTGAGTACTGTAGGCACGGCACTTGTGAAAGATCAGAAGCTGGTGTTTGTGTATCTACTAGTGGTAGATGGGTACTTAACAATGATTA,.......(((((((...(((((((((((.....)))).)).(((((((.....))))))).....((((((...((((...))))..)))))))).)))...))))))).....((((((((.(((((((.(..(((.(((....))).))).).)))))))..((((((((...))))))))))))))))..........,9194,Edited,1
GAAGGCATTCAGTACGGTCGTAGTGGTGAGACACTTGGTGTCCTTGTCCCTCATGTGGGCGAAATACCAGTGGCTTACCGCAAGGTTCTTCTTCGTAAGAACGGTAATAAAGGAGCTGGTGGCCATAGTTACGGCGCCGATCTAAAGTCATTTGACTTAGGCGACGAGCTTGGCACTGATCCTTATGAAGATTTTCAAGAA,(((((..((((.(((....)))((((((((.((((.(((((..(((((((....).)))))).))))))))).))))))))...((((((......)))))).......(((((..(((((.(((.((((.((.((((......(((((....))))).)))).)))))))))))))).))))).))))..))))).....,642,Non-edited,0
TACCCGGGTCAGGGTTTAAATGGTTACACTGTAGAGGAGGCAAAGACAGTGCTTAAAAAGTGTAAAAGTGCCTTTTACATTCTACCATCTATTATCTCTAATGAGAAGCAAGAAATTCTTGGAACTGTTTCTTGGAATTTGCGAGAAATGCTTGCACATGCAGAAGAAACACGCAAATTAATGCCTGTCTGTGTGGAAACT,.((((......))))......((((.(((..((((..(((((.......(((......((((((((((...)))))))))).............((((....))))..(((((...)))))....((((((((...((.((((((.....)))))).))....)))))))).)))......))))).)))).)))..)))),4350,Edited,1
GTTGTCATACCAGACTATAACACATATAAAAATACGTGTGATGGTACAACATTTACTTATGCATCAGCATTGTGGGAAATCCAACAGGTTGTAGATGCAGATAGTAAAATTGTTCAACTTAGTGAAATTAGTATGGACAATTCACCTAATTTAGCATGGCCTCTTATTGTAACAGCTTTAAGGGCCAATTCTGCTGTCAAA,(((((........(((((.((((.(((....))).)))).))))))))))..(((((..((((((.(((((((.((....)).))))..))).))))))...)))))((((((((((((..........))).))))))))).........((((((((((.((((..((....))..)))))))))....))))).....,12579,Non-edited,0
TCCTAGGGGCCGGCTGTTTTGTAGATGATATCGTAAAAACAGATGGTACACTTATGATTGAACGGTTCGTGTCTTTAGCTATAGATGCTTACCCACTTACTAAACATCCTAATCAGGAGTATGCTGATGTCTTTCATTTGTACTTACAATACATAAGAAAGCTACATGATGAGTTAACAGGACACATGTTAGACATGTATT,((((....((((.(((((((...(((...)))...))))))).))))...((((((((((...(((..((((((........))))))..)))..........((.((((....)))))).(((.((((.....)))).)))....)))).))))))..((((........))))...)))).((((((...))))))...,16050,Edited,1
ATGGTTTCACTACTTTCTGTTTTGCTTTCCATGCAGGGTGCTGTAGACATAAACAAGCTTTGTGAAGAAATGCTGGACAACAGGGCAACCTTACAAGCTATAGCCTCAGAGTTTAGTTCCCTTCCATCATATGCAGCTTTTGCTACTGCTCAAGAAGCTTATGAGCAGGCTGTTGCTAATGGTGATTCTGAAGTTGTTCTT,..((((......(((..(((((.((((((...(((((((..(((........))).)))))))...)))).)).)))))..)))..))))....(((..(((((.(((((((............((((((..(((((....((..(((((((.........))))))))).)))))..))))))))))))).))))).))),12096,Edited,1
GAGCTGGTAGCAGAACTCGAAGGCATTCAGTACGGTCGTAGTGGTGAGACACTTGGTGTCCTTGTCCCTCATGTGGGCGAAATACCAGTGGCTTACCGCAAGGTTCTTCTTCGTAAGAACGGTAATAAAGGAGCTGGTGGCCATAGTTACGGCGCCGATCTAAAGTCATTTGACTTAGGCGACGAGCTTGGCACTGATCCT,((((((....)))..)))..(((...(((((...(((...((((((((.((((.(((((..(((((((....).)))))).))))))))).))))))))...((((((......))))))..........(((((.((.(((..(((((.(((...........)))...)))))..))).)).))))))))))))).))),624,Non-edited,0
ATTTTGCTGAATAAGCATATTGACGCATACAAAACATTCCCACCAACAGAGCCTAAAAAGGACAAAAAGAAGAAGGCTGATGAAACTCAAGCCTTACCGCAGAGACAGAAGAAACAGCAAACTGTGACTCTTCTTCCTGCTGCAGATTTGGATGATTTCTCCAAACAATTGCAACAATCCATGAGCAGTGCTGACTCAACT,.......(((...(((((..((.(.(((.......................(((....)))...........((((((((......)).))))))...((((.((.((((((.((((....))))...))))))))))))(((((.((((((.......))))))...))))).......))).))))))))...)))...,29424,Edited,1
GTCCAACTCAGTTTGCCTGTTTTACAGGTTCGCGACGTGCTCGTACGTGGCTTTGGAGACTCCGTGGAGGAGGTCTTATCAGAGGCACGTCAACATCTTAAAGATGGCACTTGTGGCTTAGTAGAAGTTGAAAAAGGCGTTTTGCCTCAACTTGAACAGCCCTATGTGTTCATCAAACGTTCGGATGCTCGAACTGCACCT,(((.......((..((((((...))))))..)))))((((..(.(((((.(((((((((((((.....))).)))))..))))).))))))...........((((((((.((.((((..((..(((((((....(((.....))))))))))..)))))).)).))).)))))....((((((....)))))).))))..,405,Non-edited,0
ATAATTAATAACTAATTACTGTCGTTGACAGGACACGAGTAACTCGTCTATCTTCTGCAGGCTGCTTACGGTTTCGTCCGTGTTGCAGCCGATCATCAGCACATCTAGGTTTCGTCCGGGTGTGACCGAAAGGTAAGATGGAGAGCCTTGTCCCTGGTTTCAACGAGAAAACACACGTCCAACTCAGTTTGCCTGTTTTAC,.((((((.....))))))...(((((((((((..(((((...(((.((((((((.....((((((.(((((......)))))..)))))).........(((((((.((......)))))))))(((....)))))))))))))).))))).))))...))))))).((((((..((............))..))))))..,229,Non-edited,0
AGTCATAACAAGAGAAGTGGGTTTTGTCGTGCCTGGTTTGCCTGGCACGATATTACGCACAACTAATGGTGACTTTTTGCATTTCTTACCTAGAGTTTTTAGTGCAGTTGGTAACATCTGTTACACACCATCAAAACTTATAGAGTACACTGACTTTGCAACATCAGCTTGTGTTTTGGCTGCTGAATGTACAATTTTTAA,((((((..((..((..(((.((..(((((((((.((....)).)))))))))..)).)))..))..))))))))...((((..((.(((((((((((((..(((..((..(((((....)))))..))))).))))))).))).)))....))...))))((((((((..((......)).)))).))))...........,8933,Non-edited,0
TCTTCAATTGTCATTACTTCAGGTGATGGCACAACAAGTCCTATTTCTGAACATGACTACCAGATTGGTGGTTATACTGAAAAATGGGAATCTGGAGTAAAAGACTGTGTTGTATTACACAGTTACTTCACTTCAGACTATTACCAGCTGTACTCAACTCAATTGAGTACAGACACTGGTGTTGAACATGTTACCTTCTTC,..((((((((((((((((...)))))))))).......((((((((.(.(..((((((((((...))))))))))..).).)))))))).((((((((((..((((((((......))))))))..)).)))))))).....(((((((((((((((.....))))))))))...)))))))))))...............,25985,Non-edited,0
TCAACTCTCATGAAGTGTGATCATTGTGGTGAAACTTCATGGCAGACGGGCGATTTTGTTAAAGCCACTTGCGAATTTTGTGGCACTGAGAATTTGACTAAAGAAGGTGCCACTACTTGTGGTTACTTACCCCAAAATGCTGTTGTTAAAATTTATTGTCCAGCATGTCACAATTCAGAAGTAGGACCTGAGCATAGTCTT,((..((.(((((((((.(.((((...)))).).))))))))).))..))..((((.((((....((((((..((((..((((((...................(((..(((((.....)))))..)))........((((((..................))))))))))))))))..)))).)).....)))).))))..,1317,Edited,1
TAAACCTCATAATTAAAAATTTATCTAAGTCACTAACTGAGAATAAATATTCTCAATTAGATGAAGAGCAACCAATGGAGATTGATTAAACGAACATGAAAATTATTCTTTTCTTGGCACTGATAACACTCGCTACTTGTGAGCTTTATCACTACCAAGAGTGTGTTAGAGGTACAACAGTACTTTTAAAAGAACCTTGCT,.............................(((((((.(((((((....))))))).)))).)))..(((((.....(((((.(((((.............))))).)))))((((((...((((((..(((((.....)))))..))))))...))))))((...((((((((((....))))))))))....)).))))),27399,Edited,1
TATTCATTGTTAATGCCTATATTAACCTTGACCAGGGCTTTAACTGCAGAGTCACATGTTGACACTGACTTAACAAAGCCTTACATTAAGTGGGATTTGTTAAAATATGACTTCACGGAAGAGAGGTTAAAACTCTTTGACCGTTATTTTAAATATTGGGATCAGACATACCACCCAAATTGTGTTAACTGTTTGGATGAC,...((((.(((((.((((...(((....)))...)))).)))))..(((.((((.....)))).)))..((((((((..(((((.....))))).))))))))...........((((.((((((.......))))))..))))............(((...........))).((((((.((....)).)))))))))).,14252,Edited,1
TGGTGGTGCATCGTGTTGTCTGTACTGCCGTTGCCACATAGATCATCCAAATCCTAAAGGATTTTGTGACTTAAAAGGTAAGTATGTACAAATACCTACAACTTGTGCTAATGACCCTGTGGGTTTTACACTTAAAAACACAGTCTGTACCGTCTGCGGTATGTGGAAAGGTTATGGCTGTAGTTGTGATCAACTCCGCGA,.(((((((((..........))))))))).(((((....((.((((..((((((....)))))).)))))).....)))))((((......)))).(((((((...((((.((((((((((..(((.......)))..)))))(((((((((....))))))..)))..)))))))))...))))))).............,13328,Non-edited,0
TTCGTCCGGGTGTGACCGAAAGGTAAGATGGAGAGCCTTGTCCCTGGTTTCAACGAGAAAACACACGTCCAACTCAGTTTGCCTGTTTTACAGGTTCGCGACGTGCTCGTACGTGGCTTTGGAGACTCCGTGGAGGAGGTCTTATCAGAGGCACGTCAACATCTTAAAGATGGCACTTGTGGCTTAGTAGAAGTTGAAAAA,...((((((((((.(((....)))........(((((........)))))..(((((......((((((.......((..((((((...))))))..)))))))))))))(((((.(((((((((((((.....))).)))))..))))).)))))...(((((...)))))))))))).)))..................,339,Non-edited,0
CTCCTACTAAATTAAATGATCTCTGCTTTACTAATGTCTATGCAGATTCATTTGTAATTAGAGGTGATGAAGTCAGACAAATCGCTCCAGGGCAAACTGGAAAGATTGCTGATTATAATTATAAATTACCAGATGATTTTACAGGCTGCGTTATAGCTTGGAATTCTAACAATCTTGATTCTAAGGTTGGTGGTAATTATA,(.(((.((((..(((((((..(((((...((....))....))))).)))))))...))))))).)....((((((.(((.((..(((((......)))))..))))))))))).........((((((((...((.(((.(((((((.....)))))))))).))...((((((((....)))))))).))))))))...,22810,Non-edited,0
TAAGTACTTTGATTGTTACGATGGTGGCTGTATTAATGCTAACCAAGTCATCGTCAACAACCTAGACAAATCAGCTGGTTTTCCATTTAATAAATGGGGTAAGGCTAGACTTTATTATGATTCAATGAGTTATGAGGATCAAGATGCACTTTTCGCATATACAAAACGTAATGTCATCCCTACTATAACTCAAATGAATCT,...((.((..(.(((((..((((((((((...(((....)))...))))))))))))))))..))))...((((((....((((((((...))))))))...)))).)).........((((((.((((((((((((.....((((........((((.(((.....))))))))))))))..)))))))))..)))))).,14971,Non-edited,0
ATTTTGTGACTTAAAAGGTAAGTATGTACAAATACCTACAACTTGTGCTAATGACCCTGTGGGTTTTACACTTAAAAACACAGTCTGTACCGTCTGCGGTATGTGGAAAGGTTATGGCTGTAGTTGTGATCAACTCCGCGAACCCATGCTTCAGTCAGCTGATGCACAATCGTTTTTAAACGGGTTTGCGGTGTAAGTGCA,..(((((((((((.....)))))...))))))....(((((((...((((.((((((((((..(((.......)))..)))))(((((((((....))))))..)))..)))))))))...)))))))....((.((((((((((.(((.((((....)))).))).....(((....))))))))))))).)).......,13388,Non-edited,0
AACATCTTAAAGATGGCACTTGTGGCTTAGTAGAAGTTGAAAAAGGCGTTTTGCCTCAACTTGAACAGCCCTATGTGTTCATCAAACGTTCGGATGCTCGAACTGCACCTCATGGTCATGTTATGGTTGAGCTGGTAGCAGAACTCGAAGGCATTCAGTACGGTCGTAGTGGTGAGACACTTGGTGTCCTTGTCCCTCATG,..(((((...)))))((((.((.((((..((..(((((((....(((.....))))))))))..)))))).)).))))((((((..(((.(((((((((((.(((((((....(.(((.........))).).))).))))...))))..)))))).).))).......))))))(((((...))))).............,496,Non-edited,0
CTCAAATGAATCTTAAGTATGCCATTAGTGCAAAGAATAGAGCTCGCACCGTAGCTGGTGTCTCTATCTGTAGTACTATGACCAATAGACAGTTTCATCAAAAATTATTGAAATCAATAGCCGCCACTAGAGGAGCTACTGTAGTAATTGGAACAAGCAAATTCTATGGTGGTTGGCACAACATGTTAAAAACTGTTTATA,......................(((.(((((..(((.(((((...(((((......)))))))))))))...))))))))....(((((((((((..........(((((....)))))(((((((.(((((..(((..(((..........))))))...))))))))))))(((((.....))))).))))))))))).,15159,Edited,1
AACAACAACAAGGCCAAACTGTCACTAAGAAATCTGCTGCTGAGGCTTCTAAGAAGCCTCGGCAAAAACGTACTGCCACTAAAGCATACAATGTAACACAAGCTTTCGGCAGACGTGGTCCAGAACAAACCCAAGGAAATTTTGGGGACCAGGAACTAATCAGACAAGGAACTGATTACAAACATTGGCCGCAAATTGCAC,...........((((((..(((...............((((((((((((...))))))))))))...((((.(((((...(((((................))))).)))))))))(((((.........(((((.....))))))))))......(((((((........)))))))...)))))))))(((...)))..,29089,Edited,1
CGAAGGCATTCAGTACGGTCGTAGTGGTGAGACACTTGGTGTCCTTGTCCCTCATGTGGGCGAAATACCAGTGGCTTACCGCAAGGTTCTTCTTCGTAAGAACGGTAATAAAGGAGCTGGTGGCCATAGTTACGGCGCCGATCTAAAGTCATTTGACTTAGGCGACGAGCTTGGCACTGATCCTTATGAAGATTTTCAAGA,.(((((..((((.(((....)))((((((((.((((.(((((..(((((((....).)))))).))))))))).))))))))...((((((......)))))).......(((((..(((((.(((.((((.((.((((......(((((....))))).)))).)))))))))))))).))))).))))..)))))....,641,Non-edited,0
ACACAATGACATTCTCTTAGCTAAAGATACTACTGAAGCCTTTGAAAAAATGGTTTCACTACTTTCTGTTTTGCTTTCCATGCAGGGTGCTGTAGACATAAACAAGCTTTGTGAAGAAATGCTGGACAACAGGGCAACCTTACAAGCTATAGCCTCAGAGTTTAGTTCCCTTCCATCATATGCAGCTTTTGCTACTGCTCA,..((..((.(((......(((...(((...((.((((((((((....))).))))))).))...))).....)))....)))))..))((.((((.((.....(((((.(((((.(((..(((((((....((((................))))....)))))))....)))..)))))...))))).)))))).))...,12047,Edited,1
CAATCCATGAGCAGTGCTGACTCAACTCAGGCCTAAACTCATGCAGACCACACAAGGCAGATGGGCTATATAAACGTTTTCGCTTTTCCGTTTACGATATATAGTCTACTCTTGTGCAGAATGAATTCTCGTAACTACATAGCACAAGTAGATGTAGTTAACTTTAATCTCACATAGCAATCTTTAATCAGTGTGTAACAT,.....((((((.((..((((......))))..))...)))))).....(((((.....((((((((((((((..(((...((......))...))).))))))))))).)))((((.(((.((((......(((((((((.((....))..)))))))))..)))).)))))))................)))))......,29598,Edited,1
TGTTGGTTACCAACCATACAGAGTAGTAGTACTTTCTTTTGAACTTCTACATGCACCAGCAACTGTTTGTGGACCTAAAAAGTCTACTAATTTGGTTAAAAACAAATGTGTCAATTTCAACTTCAATGGTTTAACAGGCACAGGTGTTCTTACTGAGTCTAACAAAAAGTTTCTGCCTTTCCAACAATTTGGCAGAGACAT,((((((((...))))).)))...((((((.(((((...(((....((((((.(((........))).))))))..))))))))))))))(((((((.((.((((..((((((..((..((((.....)))).))..))))))..)))).)))))))))..........(((((((((.............)))))))))..,23168,Edited,1
CAGCCGATCATCAGCACATCTAGGTTTCGTCCGGGTGTGACCGAAAGGTAAGATGGAGAGCCTTGTCCCTGGTTTCAACGAGAAAACACACGTCCAACTCAGTTTGCCTGTTTTACAGGTTCGCGACGTGCTCGTACGTGGCTTTGGAGACTCCGTGGAGGAGGTCTTATCAGAGGCACGTCAACATCTTAAAGATGGCAC,..(((.(((.....(((((((.((......)))))))))(((....)))((((((..(((((........)))))..(((((......((((((.......((..((((((...))))))..)))))))))))))(((((.(((((((((((((.....))).)))))..))))).)))))...))))))...))))))..,314,Non-edited,0
CACATCTAGGTTTCGTCCGGGTGTGACCGAAAGGTAAGATGGAGAGCCTTGTCCCTGGTTTCAACGAGAAAACACACGTCCAACTCAGTTTGCCTGTTTTACAGGTTCGCGACGTGCTCGTACGTGGCTTTGGAGACTCCGTGGAGGAGGTCTTATCAGAGGCACGTCAACATCTTAAAGATGGCACTTGTGGCTTAGTAG,(((((((.((......)))))))))(((....)))((((((..(((((........)))))..(((((......((((((.......((..((((((...))))))..)))))))))))))(((((.(((((((((((((.....))).)))))..))))).)))))...))))))......(((.(....))))......,328,Non-edited,0
GTGATGTGGTGGCTATTGATTATAAACACTACACACCCTCTTTTAAGAAAGGAGCTAAATTGTTACATAAACCTATTGTTTGGCATGTTAACAATGCAACTAATAAAGCCACGTATAAACCAAATACCTGGTGTATACGTTGTCTTTGGAGCACAAAACCAGTTGAAACATCAAATTCGTTTGATGTACTGAAGTCAGAGG,(((.(((((((..(((.....)))..))))))))))(((((........((..((...((((((((((...((........)).))).)))))))))..))......((.(((((((.((((......)))).))))))).)).((((.....))))..((((....((((((((....)))))))))))).....))))),6259,Edited,1
GCGAAATACCAGTGGCTTACCGCAAGGTTCTTCTTCGTAAGAACGGTAATAAAGGAGCTGGTGGCCATAGTTACGGCGCCGATCTAAAGTCATTTGACTTAGGCGACGAGCTTGGCACTGATCCTTATGAAGATTTTCAAGAAAACTGGAACACTAAACATAGCAGTGGTGTTACCCGTGAACTCATGCGTGAGCTTAACG,.............(((((((.(((.(((((.(((((((((((.((((.......(((((.((.(((..(((((.(((...........)))...)))))..))).)).)))))...)))).).))))))))))...........((.(((((((((..........))))))).)).)))))))..)))))))))).....,700,Non-edited,0
TTCAGATGTAGAAACTAAAGATGTTGTTGAATGTCTTAAATTGTCACATCAATCTGACATAGAAGTTACTGGCGATAGTTGTAATAACTATATGCTCACCTATAACAAAGTTGAAAACATGACACCCCGTGACCTTGGTGCTTGTATTGACTGTAGTGCGCGTCATATTAATGCGCAGGTAGCAAAAAGTCACAACATTGC,....(((((.((.....((((((((....))))))))......)))))))....((((......))))...(((((.(((((....(((...((((.((((.......((((((..(((.(.((((..........))))).))).)))))).....((((((.......))))))))))))))...))).)))))))))),8294,Edited,1
AGAACGGTAATAAAGGAGCTGGTGGCCATAGTTACGGCGCCGATCTAAAGTCATTTGACTTAGGCGACGAGCTTGGCACTGATCCTTATGAAGATTTTCAAGAAAACTGGAACACTAAACATAGCAGTGGTGTTACCCGTGAACTCATGCGTGAGCTTAACGGAGGGGCATACACTCGCTATGTCGATAACAACTTCTGTG,...((((.....(((((..(((((.(((.((((.((.((((......(((((....))))).)))).)))))))))))))).)))))....((..(((((.......)))))..))..(((((((((((((((..(((((...((((....))))....)))).)..)))).)))).)))))))............)))).,739,Non-edited,0
ATCATCCAAATCCTAAAGGATTTTGTGACTTAAAAGGTAAGTATGTACAAATACCTACAACTTGTGCTAATGACCCTGTGGGTTTTACACTTAAAAACACAGTCTGTACCGTCTGCGGTATGTGGAAAGGTTATGGCTGTAGTTGTGATCAACTCCGCGAACCCATGCTTCAGTCAGCTGATGCACAATCGTTTTTAAACG,.((((..((((((....)))))).))))........(((.((((......)))).))).....(((.(((.(((((...)))))))))))((((((((.(((.(......).))).(((.((((((..(((((((((....)))))))))...)))))).)))..(((.((((....)))).))).....))))))))...,13369,Non-edited,0
GTGGTGGTAGTTATACTAATGACAAAGCTTGCCCATTGATTGCTGCAGTCATAACAAGAGAAGTGGGTTTTGTCGTGCCTGGTTTGCCTGGCACGATATTACGCACAACTAATGGTGACTTTTTGCATTTCTTACCTAGAGTTTTTAGTGCAGTTGGTAACATCTGTTACACACCATCAAAACTTATAGAGTACACTGACT,((((((((((((((....)))))(((((((.......((.(((...((((((..((..((..(((.((..(((((((((.((....)).)))))))))..)).)))..))..))))))))....)))..)).......)))))))....((((.((....)).))))))).))))))....((((...)))).........,8887,Non-edited,0
AAAGTTGCGTAGTGATGTGCTATTACCTCTTACGCAATATAATAGATACTTAGCTCTTTATAATAAGTACAAGTATTTTAGTGGAGCAATGGATACAACTAGCTACAGAGAAGCTGCTTGTTGTCATCTCGCAAAGGCTCTCAATGACTTCAGTAACTCAGGTTCTGATGTTCTTTACCAACCACCACAAACCTCTATCAC,...(((((((((.((.(((....))).))))))))))).....((((((((.(..(((......)))..)))))))))..((((.((...(((((((((.(((..(......)..))).))))).)))).))...((........(((.((((.(((....))))))).))).........)).)))).............,9938,Edited,1
AACTACTATTTGTAGTTGAAGTTGTTGATAAGTACTTTGATTGTTACGATGGTGGCTGTATTAATGCTAACCAAGTCATCGTCAACAACCTAGACAAATCAGCTGGTTTTCCATTTAATAAATGGGGTAAGGCTAGACTTTATTATGATTCAATGAGTTATGAGGATCAAGATGCACTTTTCGCATATACAAAACGTAATG,.(((((.....)))))(((((((((((((..((.((..(.(((((..((((((((((...(((....)))...))))))))))))))))..))))..))))))(((((((((((((...)))))))...)))))))))))))(((((((((...)))))))))........((((.......))))...............,14943,Non-edited,0
GTCTGTTTACTACAGTCAGCTTATGTGTCAACCTATACTGTTACTAGATCAGGCATTAGTGTCTGATGTTGGTGATAGTGCGGAAGTTGCAGTTAAAATGTTTGATGCTTACGTTAATACGTTTTCATCAACTTTTAACGTACCAATGGAAAAACTCAAAACACTAGTTGCAACTGCAGAAGCTGAACTTGCAAAGAATGT,..((((.....))))(((((((.(((......((.((((((((((((((((((((....)))))))).)))))))))))).)).((((((((((((((.(((.((((...((((....))))...))))))))))))))...((...))...................)))))))))).)))))))...............,8036,Edited,1
AGAATGCTGTAGCCTCAAAGATTTTGGGACTACCAACTCAAACTGTTGATTCATCACAGGGCTCAGAATATGACTATGTCATATTCACTCAAACCACTGAAACAGCTCACTCTTGTAATGTAAACAGATTTAATGTTGCTATTACCAGAGCAAAAGTAGGCATACTTTGCATAATGTCTGATAGAGACCTTTATGACAAGT,...(((((((((.((((((...)))))).))))((((.......))))..........(((((..(((((((((...)))))))))..(((......)))...))))).((((.((((((..((((.......))))..)))))).))))........)))))((((..(((((.((((.....))))..)))))..)))),17889,Edited,1
TTATGTGGGTTATCTTCAACCTAGGACTTTTCTATTAAAATATAATGAAAATGGAACCATTACAGATGCTGTAGACTGTGCACTTGACCCTCTCTCAGAAACAAAGTGTACGTTGAAATCCTTCACTGTAGAAAAAGGAATCTATCAAACTTCTAACTTTAGAGTCCAACCAACAGAATCTATTGTTAGATTTCCTAATAT,.......((((......))))(((((...(((((((.............)))))))....(((((...)))))...(((((((((.....(((...)))....))))))))).((((....))))..(((((........)))))......((((((..((((.((.........)).))))..))))))..)))))....,22457,Edited,1
CAAATATTACCAGATCCATCAAAACCAAGCAAGAGGTCATTTATTGAAGATCTACTTTTCAACAAAGTGACACTTGCAGATGCTGGCTTCATCAAACAATATGGTGATTGCCTTGGTGATATTGCTGCTAGAGACCTCATTTGTGCACAAAAGTTTAACGGCCTTACTGTTTTGCCACCTTTGCTCACAGATGAAATGATT,..(((((((((((...............(((((..(((((((.(((((((.....)))))))..))))))).))))).......(((.((((((.......))))))..)))))))))))))).............(((((((((..((((.((..(((((.....))))).....)).))))..))))))))).......,24072,Edited,1
CAGCAGCCAAACTAATGGTTGTCATACCAGACTATAACACATATAAAAATACGTGTGATGGTACAACATTTACTTATGCATCAGCATTGTGGGAAATCCAACAGGTTGTAGATGCAGATAGTAAAATTGTTCAACTTAGTGAAATTAGTATGGACAATTCACCTAATTTAGCATGGCCTCTTATTGTAACAGCTTTAAGGG,.....((((..((((((((......)))).(((((.((((.(((....))).)))).))))).......(((((..((((((.(((((((.((....)).))))..))).))))))...)))))((((((((((((..........))).)))))))))........))))..))))((((((..((....))..)))))),12562,Non-edited,0
GTTTATTCTAGTGCGAATAATTGCACTTTTGAATATGTCTCTCAGCCTTTTCTTATGGACCTTGAAGGAAAACAGGGTAATTTCAAAAATCTTAGGGAATTTGTGTTTAAGAATATTGATGGTTATTTTAAAATATATTCTAAGCACACGCCTATTAATTTAGTGCGTGATCTCCCTCAGGGTTTTTCGGCTTTAGAACCA,...(((((.(((((((....)))))))...)))))....(((.((((...........((((((........))))))......((((((((((((((....(((((((.((((((..................)))))))))))))(((((((......))).))))....))))).))))))))).))))..)))....,22137,Edited,1
AAGGCGTTTTGCCTCAACTTGAACAGCCCTATGTGTTCATCAAACGTTCGGATGCTCGAACTGCACCTCATGGTCATGTTATGGTTGAGCTGGTAGCAGAACTCGAAGGCATTCAGTACGGTCGTAGTGGTGAGACACTTGGTGTCCTTGTCCCTCATGTGGGCGAAATACCAGTGGCTTACCGCAAGGTTCTTCTTCGTA,.((((.....)))).....((((((........)))))).....(((.(((((((((((.(((((((....(.(((.........))).).))).))))...))))..)))))).).)))......((((((((.((((.(((((..(((((((....).)))))).))))))))).))))))))................,538,Non-edited,0
TGGCATATATTCTTTTCACTAGGTTTTTCTATGTACTTGGATTGGCTGCAATCATGCAATTGTTTTTCAGCTATTTTGCAGTACATTTTATTAGTAATTCTTGGCTTATGTGGTTAATAATTAATCTTGTACAAATGGCCCCGATTTCAGCTATGGTTAGAATGTACATCTTCTTTGCATCATTTTATTATGTATGGAAAA,.....((((((((..(((((((((..........))))))..((((((.((((.(((((..(((....)))....)))))(((((.........(((((.((((((.....)))))).)))))....)))))..........)))).)))))))))..))))))))....((((.(((((.........))))).))))..,7351,Edited,1
GACGTGCTCGTACGTGGCTTTGGAGACTCCGTGGAGGAGGTCTTATCAGAGGCACGTCAACATCTTAAAGATGGCACTTGTGGCTTAGTAGAAGTTGAAAAAGGCGTTTTGCCTCAACTTGAACAGCCCTATGTGTTCATCAAACGTTCGGATGCTCGAACTGCACCTCATGGTCATGTTATGGTTGAGCTGGTAGCAGAA,((.((((..(.(((((.(((((((((((((.....))).)))))..))))).))))))...........((((((((.((.((((..((..(((((((....(((.....))))))))))..)))))).)).))).)))))....((((((....)))))).)))).))....((.((((((.(......).)))))))).,438,Non-edited,0
TCCTTGAACAATGGAACCTAGTAATAGGTTTCCTATTCCTTACATGGATTTGTCTTCTACAATTTGCCTATGCCAACAGGAATAGGTTTTTGTATATAATTAAGTTAATTTTCCTCTGGCTGTTATGGCCAGTAACTTTAGCTTGTTTTGTGCTTGCTGCTGTTTACAGAATAAATTGGATCACCGGTGGAATTGCTATCG,....(((.((((((((((((....))))))))....(((......))).........(((((...((((((.((....)).))))))..)))))........((((((.......((((((.....)))))).....))))))(((((((((...((....)).))))))))).))))..))).((((((.....)))))),26669,Edited,1
ACTCGTCTATCTTCTGCAGGCTGCTTACGGTTTCGTCCGTGTTGCAGCCGATCATCAGCACATCTAGGTTTCGTCCGGGTGTGACCGAAAGGTAAGATGGAGAGCCTTGTCCCTGGTTTCAACGAGAAAACACACGTCCAACTCAGTTTGCCTGTTTTACAGGTTCGCGACGTGCTCGTACGTGGCTTTGGAGACTCCGTG,.(((.((((((((.....((((((.(((((......)))))..)))))).........(((((((.((......)))))))))(((....))))))))))))))....(((((.((((...(((((......((((((.......((..((((((...))))))..)))))))))))))....))))..)).)))......,270,Non-edited,0
TAACTTCTTCAATTGTCATTACTTCAGGTGATGGCACAACAAGTCCTATTTCTGAACATGACTACCAGATTGGTGGTTATACTGAAAAATGGGAATCTGGAGTAAAAGACTGTGTTGTATTACACAGTTACTTCACTTCAGACTATTACCAGCTGTACTCAACTCAATTGAGTACAGACACTGGTGTTGAACATGTTACCT,((((...((((((((((((((((...)))))))))).......((((((((.(.(..((((((((((...))))))))))..).).)))))))).((((((((((..((((((((......))))))))..)).)))))))).....(((((((((((((((.....))))))))))...)))))))))))...))))...,25980,Non-edited,0
TAAAAATTACAGAAGAGGTTGGCCACACAGATCTAATGGCTGCTTATGTAGACAATTCTAGTCTTACTATTAAGAAACCTAATGAATTATCTAGAGTATTAGGTTTGAAAACCCTTGCTACTCATGGTTTAGCTGCTGTTAATAGTGTCCCTTGGGATACTATAGCTAATTATGCTAAGCCTTTTCTTAACAAAGTTGTTA,..........(((((((((((((((...........))))).((((.((((((.......))).)))...))))((((((((((............))))))))))...((((..((.....)).))))((((....))))(((((((((....)))))))))(((.......))).))))))))))(((((....))))),6616,Edited,1
GCACGTCAACATCTTAAAGATGGCACTTGTGGCTTAGTAGAAGTTGAAAAAGGCGTTTTGCCTCAACTTGAACAGCCCTATGTGTTCATCAAACGTTCGGATGCTCGAACTGCACCTCATGGTCATGTTATGGTTGAGCTGGTAGCAGAACTCGAAGGCATTCAGTACGGTCGTAGTGGTGAGACACTTGGTGTCCTTGTC,.........(((((...)))))((((.((.((((..((..(((((((....(((.....))))))))))..)))))).)).))))((((((..(((.(((((((((((.(((((((....(.(((.........))).).))).))))...))))..)))))).).))).......))))))(((((...)))))......,489,Non-edited,0
TATCAGAGGCACGTCAACATCTTAAAGATGGCACTTGTGGCTTAGTAGAAGTTGAAAAAGGCGTTTTGCCTCAACTTGAACAGCCCTATGTGTTCATCAAACGTTCGGATGCTCGAACTGCACCTCATGGTCATGTTATGGTTGAGCTGGTAGCAGAACTCGAAGGCATTCAGTACGGTCGTAGTGGTGAGACACTTGGTG,.....(((.((((....(((((...))))).....)))).))).((..(((((((....(((.....))))))))))..))....(((.((((((((((..(((.(((((((((((.(((((((....(.(((.........))).).))).))))...))))..)))))).).))).......)))))).)))).)))..,481,Non-edited,0
ACGAGTAACTCGTCTATCTTCTGCAGGCTGCTTACGGTTTCGTCCGTGTTGCAGCCGATCATCAGCACATCTAGGTTTCGTCCGGGTGTGACCGAAAGGTAAGATGGAGAGCCTTGTCCCTGGTTTCAACGAGAAAACACACGTCCAACTCAGTTTGCCTGTTTTACAGGTTCGCGACGTGCTCGTACGTGGCTTTGGAGA,.((((...(((.((((((((.....((((((.(((((......)))))..)))))).........(((((((.((......)))))))))(((....)))))))))))))).))))(((..((((...(((((......((((((.......((..((((((...))))))..)))))))))))))....))))..)))..,263,Non-edited,0
TAAACTCATGCAGACCACACAAGGCAGATGGGCTATATAAACGTTTTCGCTTTTCCGTTTACGATATATAGTCTACTCTTGTGCAGAATGAATTCTCGTAACTACATAGCACAAGTAGATGTAGTTAACTTTAATCTCACATAGCAATCTTTAATCAGTGTGTAACATTAGGGAGGACTTGAAAGAGCCACCACATTTTCA,.................((((((..((.(((((((((((..(((...((......))...))).))))))))))))))))))).((((((........(((((((((.((....))..))))))))).(((((((..(((((...............)))))....))))))).((.(((....)))))....))))))..,29631,Edited,1
ACTACTGAAGCCTTTGAAAAAATGGTTTCACTACTTTCTGTTTTGCTTTCCATGCAGGGTGCTGTAGACATAAACAAGCTTTGTGAAGAAATGCTGGACAACAGGGCAACCTTACAAGCTATAGCCTCAGAGTTTAGTTCCCTTCCATCATATGCAGCTTTTGCTACTGCTCAAGAAGCTTATGAGCAGGCTGTTGCTAAT,.....((((((((((....))).)))))))........(((((.((((((...(((((((..(((........))).)))))))...)))).)).)))))..(((....)))....(((.(((((((....................(((((.((..(((..((....))..)))..)).)))))..))))))).)))...,12075,Edited,1
GAGTGTCTCCTACTAAATTAAATGATCTCTGCTTTACTAATGTCTATGCAGATTCATTTGTAATTAGAGGTGATGAAGTCAGACAAATCGCTCCAGGGCAAACTGGAAAGATTGCTGATTATAATTATAAATTACCAGATGATTTTACAGGCTGCGTTATAGCTTGGAATTCTAACAATCTTGATTCTAAGGTTGGTGGTA,....(((.(((.((((..(((((((..(((((...((....))....))))).)))))))...))))))).)))..((((((.(((.((..(((((......)))))..)))))))))))............(((((...((.(((.(((((((.....)))))))))).))...((((((((....)))))))).))))),22804,Non-edited,0
CAAGTCCTATTTCTGAACATGACTACCAGATTGGTGGTTATACTGAAAAATGGGAATCTGGAGTAAAAGACTGTGTTGTATTACACAGTTACTTCACTTCAGACTATTACCAGCTGTACTCAACTCAATTGAGTACAGACACTGGTGTTGAACATGTTACCTTCTTCATCTACAATAAAATTGTTGATGAGCCTGAAGAAC,....((((((((.(.(..((((((((((...))))))))))..).).)))))))).((((((((((..((((((((......))))))))..)).)))))))).((.((((((((((((((((.....))))))))))...)))))).))..........((((((((((.(((((...))))).))))))...))))...,26019,Non-edited,0
ACGCGTTCCATGTGGTCATTCAATCCAGAAACTAACATTCTTCTCAACGTGCCACTCCATGGCACTATTCTGACCAGACCGCTTCTAGAAAGTGAACTCGTAATCGGAGCTGTGATCCTTCGTGGACATCTTCGTATTGCTGGACACCATCTAGGACGCTGTGACATCAAGGACCTGCCTAAAGAAATCACTGTTGCTACA,..(((.((....((((((........((((.......)))).......((((((.....)))))).....)))))))).)))(((((((..(((..(..((((((((((..(((.(((.....))))))))))).))))).)..)))..))))))).((.((((..((.(((.....)))...))..)))).)).......,26938,Edited,1
TCGTCTATCTTCTGCAGGCTGCTTACGGTTTCGTCCGTGTTGCAGCCGATCATCAGCACATCTAGGTTTCGTCCGGGTGTGACCGAAAGGTAAGATGGAGAGCCTTGTCCCTGGTTTCAACGAGAAAACACACGTCCAACTCAGTTTGCCTGTTTTACAGGTTCGCGACGTGCTCGTACGTGGCTTTGGAGACTCCGTGGA,((.((((((((.....((((((.(((((......)))))..)))))).........(((((((.((......)))))))))(((....))))))))))))).((..(((((.((((...(((((......((((((.......((..((((((...))))))..)))))))))))))....))))..)).))).....)).,272,Non-edited,0
CATGTAGAAACATTTTACCCAAAATTACAATCTAGTCAAGCGTGGCAACCGGGTGTTGCTATGCCTAATCTTTACAAAATGCAAAGAATGCTATTAGAAAAGTGTGACCTTCAAAATTATGGTGATAGTGCAACATTACCTAAAGGCATAATGATGAATGTCGCAAAATATACTCAACTGTGTCAATATTTAAACACATTA,...((((((...))))))............((((((...((((((((((.....))))))))))....(((((.((...)).))))).....))))))....((((((.((((..((((((.(..(((.(........))))..).))))))..)))).)))))).............(((((..........)))))...,20729,Edited,1
CACCTTTTGAATTAGAAGATTTTATTCCTATGGACAGTACAGTTAAAAACTATTTCATAACAGATGCGCAAACAGGTTCATCTAAGTGTGTGTGTTCTGTTATTGATTTATTACTTGATGATTTTGTTGAAATAATAAAATCCCAAGATTTATCTGTAGTTTCTAAGGTTGTCAAAGTGACTATTGACTATACAGAAATTT,...((((((...))))))........(((.((((.(.(((((.((((...((..((((((((((.(((((.(((............))).)))))))))))).)))..))...((((..((((((((((...)))))))))).)))).)))).))))).).)))))))..(((((........))))).............,20502,Edited,1
TGAGACACTTGGTGTCCTTGTCCCTCATGTGGGCGAAATACCAGTGGCTTACCGCAAGGTTCTTCTTCGTAAGAACGGTAATAAAGGAGCTGGTGGCCATAGTTACGGCGCCGATCTAAAGTCATTTGACTTAGGCGACGAGCTTGGCACTGATCCTTATGAAGATTTTCAAGAAAACTGGAACACTAAACATAGCAGTGG,((((.((((.(((((..(((((((....).)))))).))))))))).))))((((...((((((((((((((((.((((.......(((((.((.(((..(((((.(((...........)))...)))))..))).)).)))))...)))).).))))))))))..............))))).(((....)))..)))),668,Non-edited,0
CGACGTGCTCGTACGTGGCTTTGGAGACTCCGTGGAGGAGGTCTTATCAGAGGCACGTCAACATCTTAAAGATGGCACTTGTGGCTTAGTAGAAGTTGAAAAAGGCGTTTTGCCTCAACTTGAACAGCCCTATGTGTTCATCAAACGTTCGGATGCTCGAACTGCACCTCATGGTCATGTTATGGTTGAGCTGGTAGCAGA,..((..(((((.(((((.(((((((((((((.....))).)))))..))))).))))))...........((((((((.((.((((..((..(((((((....(((.....))))))))))..)))))).)).))).)))))....((((((....))))))((.(((....)))))..........))))..))......,437,Non-edited,0
ACCAAATACCTGGTGTATACGTTGTCTTTGGAGCACAAAACCAGTTGAAACATCAAATTCGTTTGATGTACTGAAGTCAGAGGACGCGCAGGGAATGGATAATCTTGCCTGCGAAGATCTAAAACCAGTCTCTGAAGAAGTAGTGGAAAATCCTACCATACAGAAAGACGTTCTTGAGTGTAATGTGAAAACTACCGAAGT,..........((((((.(((((((.(((.(((((.......((((....((((((((....))))))))))))..(((....))).((((((.((.(......))).))))))..............(((((((.....((((.(......)))))....))))..)))))))).)))..)))))))...)).))))....,6377,Edited,1
AAGATCAAGTCATTTTGCTGAATAAGCATATTGACGCATACAAAACATTCCCACCAACAGAGCCTAAAAAGGACAAAAAGAAGAAGGCTGATGAAACTCAAGCCTTACCGCAGAGACAGAAGAAACAGCAAACTGTGACTCTTCTTCCTGCTGCAGATTTGGATGATTTCTCCAAACAATTGCAACAATCCATGAGCAGTG,........((((...((((.....))))...))))((.........................(((....)))...........((((((((......)).))))))...((((.((.((((((.((((....))))...))))))))))))(((((.((((((.......))))))...)))))...........))....,29413,Edited,1
CAGGACACGAGTAACTCGTCTATCTTCTGCAGGCTGCTTACGGTTTCGTCCGTGTTGCAGCCGATCATCAGCACATCTAGGTTTCGTCCGGGTGTGACCGAAAGGTAAGATGGAGAGCCTTGTCCCTGGTTTCAACGAGAAAACACACGTCCAACTCAGTTTGCCTGTTTTACAGGTTCGCGACGTGCTCGTACGTGGCTT,((((..(((((...(((.((((((((.....((((((.(((((......)))))..)))))).........(((((((.((......)))))))))(((....)))))))))))))).))))).))))......(((((......((((((.......((..((((((...))))))..))))))))))))).........,257,Non-edited,0
AGCCTCAGAGTTTAGTTCCCTTCCATCATATGCAGCTTTTGCTACTGCTCAAGAAGCTTATGAGCAGGCTGTTGCTAATGGTGATTCTGAAGTTGTTCTTAAAAAGTTGAAGAAGTCTTTGAATGTGGCTAAATCTGAATTTGACCGTGATGCAGCCATGCAACGTAAGTTGGAAAAGATGGCTGATCAAGCTATGACCCA,(((.(((((.(((((((......((((((..(((((....((..(((((((.........))))))))).)))))..))))))((((.((((...(((((.........)))))..))))))))..)))))))))))).........((((.(((((((.((((....)))).).....)))))))))).)))........,12197,Edited,1
GAAAGGATTGATAAAGTACTTAATGAGAAGTGCTCTGCCTATACAGTTGAACTCGGTACAGAAGTAAATGAGTTCGCCTGTGTTGTGGCAGATGCTGTCATAAAAACTTTGCAACCAGTATCTGAATTACTTACACCACTGGGCATTGATTTAGATGAGTGGAGTATGGCTACATACTACTTATTTGATGAGTCTGGTGAG,....((.(((.((((((..(((.(((..((((.((((((.((((((.((((((((.(((....)))..)))))))).))))))...)))))))))).))))))..)))))))))))((((.......)))).....((((((((.((...((((((((((..((((((....)))))))))))))))).))))))))))..,2904,Edited,1
CTCATGTGGGCGAAATACCAGTGGCTTACCGCAAGGTTCTTCTTCGTAAGAACGGTAATAAAGGAGCTGGTGGCCATAGTTACGGCGCCGATCTAAAGTCATTTGACTTAGGCGACGAGCTTGGCACTGATCCTTATGAAGATTTTCAAGAAAACTGGAACACTAAACATAGCAGTGGTGTTACCCGTGAACTCATGCGTG,.....((((((.(........).))))))((((.(((((.(((((((((((.((((.......(((((.((.(((..(((((.(((...........)))...)))))..))).)).)))))...)))).).))))))))))...........((.(((((((((..........))))))).)).)))))))..))))..,691,Non-edited,0
CAAGAATCCTTTGGTGGTGCATCGTGTTGTCTGTACTGCCGTTGCCACATAGATCATCCAAATCCTAAAGGATTTTGTGACTTAAAAGGTAAGTATGTACAAATACCTACAACTTGTGCTAATGACCCTGTGGGTTTTACACTTAAAAACACAGTCTGTACCGTCTGCGGTATGTGGAAAGGTTATGGCTGTAGTTGTGAT,............(((((((((..........))))))))).(((((....((.((((..((((((....)))))).)))))).....)))))((((......)))).(((((((...((((.((((((((((..(((.......)))..)))))(((((((((....))))))..)))..)))))))))...)))))))..,13317,Non-edited,0
TGATCAAGCTATGACCCAAATGTATAAACAGGCTAGATCTGAGGACAAGAGGGCAAAAGTTACTAGTGCTATGCAGACAATGCTTTTCACTATGCTTAGAAAGTTGGATAATGATGCACTCAACAACATTATCAACAATGCAAGAGATGGTTGTGTTCCCTTGAACATAATACCTCTTACAACAGCAGCCAAACTAATGGT,.......(((.((.(((...(((.....((((.....))))...)))...))))).((((...(((((....(((.....)))....))))).)))).....((((.((((((.((.......)).))))))))))..((.(((((...(((((((((....)))))))))..))))).))..))).((((......)))),12380,Edited,1
GGAGACTCCGTGGAGGAGGTCTTATCAGAGGCACGTCAACATCTTAAAGATGGCACTTGTGGCTTAGTAGAAGTTGAAAAAGGCGTTTTGCCTCAACTTGAACAGCCCTATGTGTTCATCAAACGTTCGGATGCTCGAACTGCACCTCATGGTCATGTTATGGTTGAGCTGGTAGCAGAACTCGAAGGCATTCAGTACGGT,.....((((.....))))(((((....)))))................((((((((.((.((((..((..(((((((....(((.....))))))))))..)))))).)).))).)))))...(((.(((((((((((.(((((((....(.(((.........))).).))).))))...))))..)))))).).)))..,459,Non-edited,0
TTATACTAATGACAAAGCTTGCCCATTGATTGCTGCAGTCATAACAAGAGAAGTGGGTTTTGTCGTGCCTGGTTTGCCTGGCACGATATTACGCACAACTAATGGTGACTTTTTGCATTTCTTACCTAGAGTTTTTAGTGCAGTTGGTAACATCTGTTACACACCATCAAAACTTATAGAGTACACTGACTTTGCAACATC,.........((.(((((((((.....((((((...))))))...))))....(((.((..(((((((((.((....)).)))))))))..)).))).....((((((.....(((((((....((.....))....)))))))...(((((....))))).))))))....((((...)))).......))))))).....,8897,Non-edited,0
AGGAATTACTTGTGTATGCTGCTGACCCTGCTATGCACGCTGCTTCTGGTAATCTATTACTAGATAAACGCACTACGTGCTTTTCAGTAGCTGCACTTACTAACAATGTTGCTTTTCAAACTGTCAAACCCGGTAATTTTAACAAAGACTTCTATGACTTTGCTGTGTCTAAGGGTTTCTTTAAGGAAGGAAGTTCTGTTG,.(((((((((.(((((.((((((((.........(((((.(((.((((((((....)))))))).....)))...)))))...)))))))))))))...........(((........)))..........)))))))))((((..(((((((..(((........)))(((((....))))).....))))))).)))).,14646,Edited,1
GCTTGCCCATTGATTGCTGCAGTCATAACAAGAGAAGTGGGTTTTGTCGTGCCTGGTTTGCCTGGCACGATATTACGCACAACTAATGGTGACTTTTTGCATTTCTTACCTAGAGTTTTTAGTGCAGTTGGTAACATCTGTTACACACCATCAAAACTTATAGAGTACACTGACTTTGCAACATCAGCTTGTGTTTTGGCT,....(((.....((.((((.((((((..((..((..(((.((..(((((((((.((....)).)))))))))..)).)))..))..))))))))..(((((..((.(((((((((((((..(((..((..(((((....)))))..))))).))))))).))).)))....))...)))))...))))..)).....))).,8913,Non-edited,0
TATACTAATGACAAAGCTTGCCCATTGATTGCTGCAGTCATAACAAGAGAAGTGGGTTTTGTCGTGCCTGGTTTGCCTGGCACGATATTACGCACAACTAATGGTGACTTTTTGCATTTCTTACCTAGAGTTTTTAGTGCAGTTGGTAACATCTGTTACACACCATCAAAACTTATAGAGTACACTGACTTTGCAACATCA,........((.(((((((((.....((((((...))))))...))))....(((.((..(((((((((.((....)).)))))))))..)).))).....((((((.....(((((((....((.....))....)))))))...(((((....))))).))))))....((((...)))).......)))))))......,8898,Non-edited,0
AGTGTTAAAGGTTTACAACCATCTGTAGGTCCCAAACAAGCTAGTCTTAATGGAGTCACATTAATTGGAGAAGCCGTAAAAACACAGTTCAATTATTATAAGAAAGTTGATGGTGTTGTCCAACAATTACCTGAAACTTACTTTACTCAGAGTAGAAATTTACAAGAATTTAAACCCAGGAGTCAAATGGAAATTGATTTC,.(((((...((((((((......)))))).)).......(((..((((((((......)))))...)))..)))......)))))...((((((.(((((((.(((((...((((((((...)))).))))...))))).))).((((.(.((..((((((....))))))..)).)..))))...)))).))))))....,20159,Edited,1
AAACACACGTCCAACTCAGTTTGCCTGTTTTACAGGTTCGCGACGTGCTCGTACGTGGCTTTGGAGACTCCGTGGAGGAGGTCTTATCAGAGGCACGTCAACATCTTAAAGATGGCACTTGTGGCTTAGTAGAAGTTGAAAAAGGCGTTTTGCCTCAACTTGAACAGCCCTATGTGTTCATCAAACGTTCGGATGCTCGAA,.......((((((((...((((((((((...)))))...((((.....))))(((((.(((((((((((((.....))).)))))..))))).)))))...(((((...)))))((((.((.((((..((..(((((((....(((.....))))))))))..)))))).)).))))....)))))))).)))))......,397,Non-edited,0
CATAGATCATCCAAATCCTAAAGGATTTTGTGACTTAAAAGGTAAGTATGTACAAATACCTACAACTTGTGCTAATGACCCTGTGGGTTTTACACTTAAAAACACAGTCTGTACCGTCTGCGGTATGTGGAAAGGTTATGGCTGTAGTTGTGATCAACTCCGCGAACCCATGCTTCAGTCAGCTGATGCACAATCGTTTTT,....((((((..((((((....)))))).............(((.((((......)))).))).....(((.(((.(((((...))))))))))).....(((((((((...(((.(((((.....)))))..)))...)))))).)))))))))......((((.....(((.((((....)))).)))...))))....,13364,Non-edited,0
ATGATAGTCAACAAACTGTTGGTCAACAAGACGGCAGTGAGGACAATCAGACAACTACTATTCAAACAATTGTTGAGGTTCAACCTCAATTAGAGATGGAACTTACACCAGTTGTTCAGACTATTGAAGTGAATAGTTTTAGTGGTTATTTAAAACTTACTGACAATGTATACATTAAAAATGCAGACATTGTGGAAGAAG,.((((.(((.....(((((((.((.....)))))))))...))).))))...((((((((....((((((((.((((((((...(((.....)))...)))))).)).)))))))).((((((((......))))))))))))))))........(((.((.(((((((...((((...))))...))))))))))))...,3310,Edited,1
TAAAGATTGTAGTAAGGTAATCACTGGGTTACATCCTACACAGGCACCTACACACCTCAGTGTTGACACTAAATTCAAAACTGAAGGTTTATGTGTTGACATACCTGGCATACCTAAGGACATGACCTATAGAAGACTCATCTCTATGATGGGTTTTAAAATGAATTATCAAGTTAATGGTTACCCTAACATGTTTATCAC,((((.((..(((...((((((((.(((((((..((((...((((.....((((((((((((.((((........)))).)))).))))....)))).......)))).........))))..)))))))...((((((((((.....))))))))))....(((....)))......)))))))))))..)).))))....,18163,Edited,1
TGATAGGTTGATCACAGGCAGACTTCAAAGTTTGCAGACATATGTGACTCAACAATTAATTAGAGCTGCAGAAATCAGAGCTTCTGCTAATCTTGCTGCTACTAAAATGTCAGAGTGTGTACTTGGACAATCAAAAAGAGTTGATTTTTGTGGAAAGGGCTATCATCTTATGTCCTTCCCTCAGTCAGCACCTCATGGTGT,((((..((((((((((.(((((((....))))))).......))))).)))))......(((((((.(((((...((((...))))....)).))).))).))))..((((.((((....)))).))))(((((......)))))...((.((.((((((...........)))))).)).))))))(((((....))))),24641,Edited,1
TAAAACTCTTTGACCGTTATTTTAAATATTGGGATCAGACATACCACCCAAATTGTGTTAACTGTTTGGATGACAGATGCATTCTGCATTGTGCAAACTTTAATGTTTTATTCTCTACAGTGTTCCCACCTACAAGTTTTGGACCACTAGTGAGAAAAATATTTGTTGATGGTGTTCCATTTGTAGTTTCAACTGGATACC,............(((((((...((((((((((...........))..((((((.((....)).))))))(((.((((.....))))))).....((((......))))..(((((.((((((.(((.((......))...))).)))).))))))).)))))))).)))))))..((((.(((......))).))))....,14379,Edited,1
ACTTGTGGCTTAGTAGAAGTTGAAAAAGGCGTTTTGCCTCAACTTGAACAGCCCTATGTGTTCATCAAACGTTCGGATGCTCGAACTGCACCTCATGGTCATGTTATGGTTGAGCTGGTAGCAGAACTCGAAGGCATTCAGTACGGTCGTAGTGGTGAGACACTTGGTGTCCTTGTCCCTCATGTGGGCGAAATACCAGTG,......((((..((..(((((((....(((.....))))))))))..))))))....((((((((((..(((.(((((((((((.(((((((....(.(((.........))).).))).))))...))))..)))))).).))).......)))))).))))(((((((..(((((((....).)))))).)))))))..,513,Non-edited,0
AATCATCATCTAAATTGTGGGCTCAATGTGTCCAGTTACACAATGACATTCTCTTAGCTAAAGATACTACTGAAGCCTTTGAAAAAATGGTTTCACTACTTTCTGTTTTGCTTTCCATGCAGGGTGCTGTAGACATAAACAAGCTTTGTGAAGAAATGCTGGACAACAGGGCAACCTTACAAGCTATAGCCTCAGAGTTTA,..........((((((.((((((((.(((((......))))).)).........(((((..(((...((.((((((((((....))).))))))).))...)))((((.((((((...(((((((..(((........))).)))))))...)))).)).))))...(((....)))....))))).)))).)).)))))),12010,Edited,1
TTACGGTTTCGTCCGTGTTGCAGCCGATCATCAGCACATCTAGGTTTCGTCCGGGTGTGACCGAAAGGTAAGATGGAGAGCCTTGTCCCTGGTTTCAACGAGAAAACACACGTCCAACTCAGTTTGCCTGTTTTACAGGTTCGCGACGTGCTCGTACGTGGCTTTGGAGACTCCGTGGAGGAGGTCTTATCAGAGGCACGT,.(((((......)))))...........((((..(((((((.((......)))))))))(((....)))..))))..(((((........)))))..(((((......((((((.......((..((((((...))))))..)))))))))))))(((((.(((((((((((((.....))).)))))..))))).))))),294,Non-edited,0
AAAGGTAAGTATGTACAAATACCTACAACTTGTGCTAATGACCCTGTGGGTTTTACACTTAAAAACACAGTCTGTACCGTCTGCGGTATGTGGAAAGGTTATGGCTGTAGTTGTGATCAACTCCGCGAACCCATGCTTCAGTCAGCTGATGCACAATCGTTTTTAAACGGGTTTGCGGTGTAAGTGCAGCCCGTCTTACAC,....(((((..(((((.......(((((((...((((.((((((((((..(((.......)))..)))))(((((((((....))))))..)))..)))))))))...)))))))....((.((((((((((.(((.((((....)))).))).....(((....))))))))))))).))..)))))......)))))..,13401,Non-edited,0
AGACAACTACTATTTGTAGTTGAAGTTGTTGATAAGTACTTTGATTGTTACGATGGTGGCTGTATTAATGCTAACCAAGTCATCGTCAACAACCTAGACAAATCAGCTGGTTTTCCATTTAATAAATGGGGTAAGGCTAGACTTTATTATGATTCAATGAGTTATGAGGATCAAGATGCACTTTTCGCATATACAAAACGT,...(((((((.....))))))).....((((((..((.((..(.(((((..((((((((((...(((....)))...))))))))))))))))..))))..))))))(((....)))........(((.((.(((((.........(((((((((...)))))))))..........)).))).)).)))...........,14939,Non-edited,0
TCTCAATTAGATGAAGAGCAACCAATGGAGATTGATTAAACGAACATGAAAATTATTCTTTTCTTGGCACTGATAACACTCGCTACTTGTGAGCTTTATCACTACCAAGAGTGTGTTAGAGGTACAACAGTACTTTTAAAAGAACCTTGCTCTTCTGGAACATACGAGGGCAATTCACCATTTCATCCTCTAGCTGATAAC,..(((.(((((.(((((((((.....(((((.(((((.............))))).)))))((((((...((((((..(((((.....)))))..))))))...))))))((...((((((((((....))))))))))....)).))))))))).(((........((........))......)))))))).)))....,27449,Edited,1
TGAATGAGTTTTACGCATATTTGCGTAAACATTTCTCAATGATGATACTCTCTGACGATGCTGTTGTGTGTTTCAATAGCACTTATGCATCTCAAGGTCTAGTGGCTAGCATAAAGAACTTTAAGTCAGTTCTTTATTATCAAAACAATGTTTTTATGTCTGAAGCAAAATGTTGGACTGAGACTGACCTTACTAAAGGAC,.....((((((((((((....))))))))((((.......))))..))))..(((.(((((....((((.........))))....))))))))(((((.((((((((((((((((((((.......)))))))).............((((((.......))))))..))))))).))...))))))))...........,15765,Edited,1
CTAAAAAGTGGAAATACCCACAAGTTAATGGTTTAACTTCTATTAAATGGGCAGATAACAACTGTTATCTTGCCACTGCATTGTTAACACTCCAACAAATAGAGTTGAAGTTTAATCCACCTGCTCTACAAGATGCTTATTACAGAGCAAGGGCTGGTGAAGCTGCTAACTTTTGTGCACTTATCTTAGCCTACTGTAATA,.......((((......))))(((((((....))))))).(((((..((((((((((((....)))))))(((....)))..(((((.(((.((((.......)))).)))))))).((((.(((((......(((((......)))))))))).))))(((.(((..........))))))......)))))...))))),5323,Edited,1
ATAGATCATCCAAATCCTAAAGGATTTTGTGACTTAAAAGGTAAGTATGTACAAATACCTACAACTTGTGCTAATGACCCTGTGGGTTTTACACTTAAAAACACAGTCTGTACCGTCTGCGGTATGTGGAAAGGTTATGGCTGTAGTTGTGATCAACTCCGCGAACCCATGCTTCAGTCAGCTGATGCACAATCGTTTTTA,...((((((..((((((....)))))).............(((.((((......)))).))).....(((.(((.(((((...))))))))))).....(((((((((...(((.(((((.....)))))..)))...)))))).)))))))))......((((.....(((.((((....)))).)))...)))).....,13365,Non-edited,0
GCTTTAGATCAAGCCATTTCCATGTGGGCTCTTATAATCTCTGTTACTTCTAACTACTCAGGTGTAGTTACAACTGTCATGTTTTTGGCCAGAGGTATTGTTTTTATGTGTGTTGAGTATTGCCCTATTTTCTTCATAACTGGTAATACACTTCAGTGTATAATGCTAGTTTATTGTTTCTTAGGCTATTTTTGTACTTGT,((((.(((.(((.((((......)))).........(((((((.......(((((((......))))))).....((((......)))))))))))............((((..(((.((......)).)))..))))(((((((((((((....))))))..)))))))...)))..))).))))...............,11541,Edited,1
CGCGCATTGGCATGGAAGTCACACCTTCGGGAACGTGGTTGACCTACACAGGTGCCATCAAATTGGATGACAAAGATCCAAATTTCAAAGATCAAGTCATTTTGCTGAATAAGCATATTGACGCATACAAAACATTCCCACCAACAGAGCCTAAAAAGGACAAAAAGAAGAAGGCTGATGAAACTCAAGCCTTACCGCAGA,.(((....(((.(((...(((((((((((((((.(((((..((((....)))))))))....((((((.......))))))..............((((...((((.....))))...))))............)))))..........(((....)))..........))))).)).)))...))).)))....)))...,29326,Edited,1
TGCTTTGCTTGTACAGTAAGTGACAACAGATGTTTCATCTCGTTGACTTTCAGGTTACTATAGCAGAGATATTACTAATTATTATGAGGACTTTTAAAGTTTCCATTTGGAATCTTGATTACATCATAAACCTCATAATTAAAAATTTATCTAAGTCACTAACTGAGAATAAATATTCTCAATTAGATGAAGAGCAACCAA,(((((((((.....(((((.((((((((((((...))))).))))....)))..)))))..)))).(((((.........(((((((((.......(((.((((....)))).)))(((...))).....)))))))))........)))))...(((((((.(((((((....))))))).)))).))).))))).....,27273,Edited,1
TTGTCCCTCATGTGGGCGAAATACCAGTGGCTTACCGCAAGGTTCTTCTTCGTAAGAACGGTAATAAAGGAGCTGGTGGCCATAGTTACGGCGCCGATCTAAAGTCATTTGACTTAGGCGACGAGCTTGGCACTGATCCTTATGAAGATTTTCAAGAAAACTGGAACACTAAACATAGCAGTGGTGTTACCCGTGAACTCA,(((((((....).)))))).......((((....))))..(((((.(((((((((((.((((.......(((((.((.(((..(((((.(((...........)))...)))))..))).)).)))))...)))).).))))))))))...........((.(((((((((..........))))))).)).)))))))..,685,Non-edited,0
TGTCCCTCATGTGGGCGAAATACCAGTGGCTTACCGCAAGGTTCTTCTTCGTAAGAACGGTAATAAAGGAGCTGGTGGCCATAGTTACGGCGCCGATCTAAAGTCATTTGACTTAGGCGACGAGCTTGGCACTGATCCTTATGAAGATTTTCAAGAAAACTGGAACACTAAACATAGCAGTGGTGTTACCCGTGAACTCAT,......((((..(((...(((((((.((.((.........((((((((((((((((.((((.......(((((.((.(((..(((((.(((...........)))...)))))..))).)).)))))...)))).).))))))))))..............))))).........)))).))))))).)))))))......,686,Non-edited,0
ACATTCTACCATCTATTATCTCTAATGAGAAGCAAGAAATTCTTGGAACTGTTTCTTGGAATTTGCGAGAAATGCTTGCACATGCAGAAGAAACACGCAAATTAATGCCTGTCTGTGTGGAAACTAAAGCCATAGTTTCAACTATACAGCGTAAATATAAGGGTATTAAAATACAAGAGGGTGTGGTTGATTATGGTGCTA,......((((((..((((((((....))))..(((((...)))))....((((((((...((.((((((.....)))))).))....))))))))......(((((((((..((((((((((((((......)))))))...)))))))...........))))))))).((((......))))...)))).))))))...,4426,Edited,1
GATTTCTTAGAATTAGCTATGGATGAATTCATTGAACGGTATAAATTAGAAGGCTATGCCTTCGAACATATCGTTTATGGAGATTTTAGTCATAGTCAGTTAGGTGGTTTACATCTACTGATTGGACTAGCTAAACGTTTTAAGGAATCACCTTTTGAATTAGAAGATTTTATTCCTATGGACAGTACAGTTAAAAACTAT,(((((((((((((((((...........((..((((((((((......((((((...))))))....))))))))))..)).....(((((.((((((((.(((((.....))))))))))))))))))))))...)))))))))))))..((((((...)))))).......(((...)))...................,20354,Edited,1
CCAGTGGCTTACCGCAAGGTTCTTCTTCGTAAGAACGGTAATAAAGGAGCTGGTGGCCATAGTTACGGCGCCGATCTAAAGTCATTTGACTTAGGCGACGAGCTTGGCACTGATCCTTATGAAGATTTTCAAGAAAACTGGAACACTAAACATAGCAGTGGTGTTACCCGTGAACTCATGCGTGAGCTTAACGGAGGGGCA,((...(((((((.(((.(((((.(((((((((((.((((.......(((((.((.(((..(((((.(((...........)))...)))))..))).)).)))))...)))).).))))))))))...........((.(((((((((..........))))))).)).)))))))..))))))))))....)).......,708,Non-edited,0
GTCCCTCATGTGGGCGAAATACCAGTGGCTTACCGCAAGGTTCTTCTTCGTAAGAACGGTAATAAAGGAGCTGGTGGCCATAGTTACGGCGCCGATCTAAAGTCATTTGACTTAGGCGACGAGCTTGGCACTGATCCTTATGAAGATTTTCAAGAAAACTGGAACACTAAACATAGCAGTGGTGTTACCCGTGAACTCATG,.....((((..(((...(((((((.((.((.........((((((((((((((((.((((.......(((((.((.(((..(((((.(((...........)))...)))))..))).)).)))))...)))).).))))))))))..............))))).........)))).))))))).))))))).......,687,Non-edited,0
ATACATTTTGGTGCTGGTTCTGATAAAGGAGTTGCACCAGGTACAGCTGTTTTAAGACAGTGGTTGCCTACGGGTACGCTGCTTGTCGATTCAGATCTTAATGACTTTGTCTCTGATGCAGATTCAACTTTGATTGGTGATTGTGCAACTGTACATACAGCTAATAAATGGGATCTCATTATTAGTGATATGTACGACCCT,........((((((.(.((((.....)))).).))))))(((.............(((((((((((((....)))).))))).))))...(((((.......(((...))))))))((((.(.(((.((......))))).).))))..((((((((..((((((((.(((....)))))))))))..)))))))))))..,20960,Edited,1
AGCCTTGTCCCTGGTTTCAACGAGAAAACACACGTCCAACTCAGTTTGCCTGTTTTACAGGTTCGCGACGTGCTCGTACGTGGCTTTGGAGACTCCGTGGAGGAGGTCTTATCAGAGGCACGTCAACATCTTAAAGATGGCACTTGTGGCTTAGTAGAAGTTGAAAAAGGCGTTTTGCCTCAACTTGAACAGCCCTATGTG,.(((........)))....(((((......((((((.......((..((((((...))))))..)))))))))))))(((((.(((((((((((((.....))).)))))..))))).)))))...(((((...))))).(((.((.((((..((..(((((((....(((.....))))))))))..)))))).)).))),372,Non-edited,0
TTACAACAGCAGCCAAACTAATGGTTGTCATACCAGACTATAACACATATAAAAATACGTGTGATGGTACAACATTTACTTATGCATCAGCATTGTGGGAAATCCAACAGGTTGTAGATGCAGATAGTAAAATTGTTCAACTTAGTGAAATTAGTATGGACAATTCACCTAATTTAGCATGGCCTCTTATTGTAACAGCTT,((((((.((..((((..((((((((......)))).(((((.((((.(((....))).)))).))))).......(((((..((((((.(((((((.((....)).))))..))).))))))...)))))((((((((((((..........))).)))))))))........))))..))))..))..))))))......,12556,Non-edited,0
TTATCAGAGGCACGTCAACATCTTAAAGATGGCACTTGTGGCTTAGTAGAAGTTGAAAAAGGCGTTTTGCCTCAACTTGAACAGCCCTATGTGTTCATCAAACGTTCGGATGCTCGAACTGCACCTCATGGTCATGTTATGGTTGAGCTGGTAGCAGAACTCGAAGGCATTCAGTACGGTCGTAGTGGTGAGACACTTGGT,......(((.((((....(((((...))))).....)))).))).((..(((((((....(((.....))))))))))..))....(((.((((((((((..(((.(((((((((((.(((((((....(.(((.........))).).))).))))...))))..)))))).).))).......)))))).)))).))).,480,Non-edited,0
TCAGTACGGTCGTAGTGGTGAGACACTTGGTGTCCTTGTCCCTCATGTGGGCGAAATACCAGTGGCTTACCGCAAGGTTCTTCTTCGTAAGAACGGTAATAAAGGAGCTGGTGGCCATAGTTACGGCGCCGATCTAAAGTCATTTGACTTAGGCGACGAGCTTGGCACTGATCCTTATGAAGATTTTCAAGAAAACTGGAA,(((((..((.(.(.((((((((.((((.(((((..(((((((....).)))))).))))))))).)))))))).).).)).(((((((((((.((((.......(((((.((.(((..(((((.(((...........)))...)))))..))).)).)))))...)))).).))))))))))...........)))))..,650,Non-edited,0
TTACCGCAAGGTTCTTCTTCGTAAGAACGGTAATAAAGGAGCTGGTGGCCATAGTTACGGCGCCGATCTAAAGTCATTTGACTTAGGCGACGAGCTTGGCACTGATCCTTATGAAGATTTTCAAGAAAACTGGAACACTAAACATAGCAGTGGTGTTACCCGTGAACTCATGCGTGAGCTTAACGGAGGGGCATACACTCG,........((((((((((((((((((.((((.......(((((.((.(((..(((((.(((...........)))...)))))..))).)).)))))...)))).).))))))))))..............))))).)).........((((((((..(((((...((((....))))....)))).)..)))).))))..,716,Non-edited,0
GGTGAGACACTTGGTGTCCTTGTCCCTCATGTGGGCGAAATACCAGTGGCTTACCGCAAGGTTCTTCTTCGTAAGAACGGTAATAAAGGAGCTGGTGGCCATAGTTACGGCGCCGATCTAAAGTCATTTGACTTAGGCGACGAGCTTGGCACTGATCCTTATGAAGATTTTCAAGAAAACTGGAACACTAAACATAGCAGT,((((((.((((.(((((..(((((((....).)))))).))))))))).))))))...((((((((((((((((((.((((.......(((((.((.(((..(((((.(((...........)))...)))))..))).)).)))))...)))).).))))))))))..............))))).))............,666,Non-edited,0
GTTCTTTAGTAATTACCTAAAGAGACGTGTAGTCTTTAATGGTGTTTCCTTTAGTACTTTTGAAGAAGCTGCGCTGTGCACCTTTTTGTTAAATAAAGAAATGTATCTAAAGTTGCGTAGTGATGTGCTATTACCTCTTACGCAATATAATAGATACTTAGCTCTTTATAATAAGTACAAGTATTTTAGTGGAGCAATGGA,((.((..((.((.((((...((((((.....))))))...)))).)).))..)).))..........(((.((((((((.....(((((((..((((((...(((((((..(((((((((.((.(((....))).)))))))))))....))))))).....))))))))))))).....))))...)))).)))......,9830,Edited,1
GTCAGAGTGTGTACTTGGACAATCAAAAAGAGTTGATTTTTGTGGAAAGGGCTATCATCTTATGTCCTTCCCTCAGTCAGCACCTCATGGTGTAGTCTTCTTGCATGTGACTTATGTCCCTGCACAAGAAAAGAACTTCACAACTGCTCCTGCCATTTGTCATGATGGAAAAGCACACTTTCCTCGTGAAGGTGTCTTTGT,(((.((((....)))).)))......(((((((((((...((.((.((((((...........)))))).)).))))))))........(((.((((((((((((.(.(((....)))).))))..)))..)).))).)))...((((....(((((......)))))...))))(((((((.....))))))))))))..,24749,Edited,1
GTCACTATTGCAACCTACTGTACTGGTTCTATACCTTGTAGTGTTTGTCTTAGTGGTTTAGATTCTTTAGACACCTATCCTTCTTTAGAAACTATACAAATTACCATTTCATCTTTTAAATGGGATTTAACTGCTTTTGGCTTAGTTGCAGAGTGGTTTTTGGCATATATTCTTTTCACTAGGTTTTTCTATGTACTTGGA,..(((((..((((..(((((((..(((.....))).))))))).))))..)))))((.(((.((((..(((..........)))..)))).))).))(((((.((((((........)))))))))))(((((((((..((......)))))))))))....................((((((..........)))))).,7191,Edited,1
TAAAGCCTTGAATTTAGGTGAAACATTTGTCACGCACTCAAAGGGATTGTACAGAAAGTGTGTTAAATCCAGAGAAGAAACTGGCCTACTCATGCCTCTAAAAGCCCCAAAAGAAATTATCTTCTTAGAGGGAGAAACACTTCCCACAGAAGTGTTAACAGAGGAAGTTGTCTTGAAAACTGGTGATTTACAACCATTAGA,....((((.......)))).........(((((..........(((((..(((.......)))..))))).(((.((........)).)))...(((((.....(((...(((((......)))))...)))...((((((((.....))))))))...))))).((((........)))).)))))..............,2465,Edited,1
ATGTCTTTACTGGTTATCGTGTAACTAAAAACAGTAAAGTACAAATAGGAGAGTACACCTTTGAAAAAGGTGACTATGGTGATGCTGTTGTTTACCGAGGTACAACAACTTACAAATTAAATGTTGGTGATTATTTTGTGCTGACATCACATACAGTAATGCCATTAAGTGCACCTACACTAGTGCCACAAGAGCACTATG,.((((((((((((((((...)))))......)))))))).)))........(((.(((((((...))))))))))((((((.(((((((((.......(((((((....((((.(((.....))).)))).....)))))))......))).)))))).))))))..((((......))))((((((....).)))))...,16875,Edited,1
TAGCTATCGTAGTAACATGCCTTGCCTACTATTTTATGAGGTTTAGAAGAGCTTTTGGTGAATACAGTCATGTAGTTGCCTTTAATACTTTACTATTCCTTATGTCATTCACTGTACTCTGTTTAACACCAGTTTACTCATTCTTACCTGGTGTTTATTCTGTTATTTACTTGTACTTGACATTTTATCTTACTAATGATG,....(((((((((((.(((...(((.........(((((((..(((.((((..((.(((((.((((....)))).)))))...))..)))).)))..))))))).........)))........((((((((...............)))))))).....(((((............)))))...))).))))).)))))),9523,Edited,1
TTAATGTCTAATTTAGGCATGCCTTCTTACTGTACTGGTTACAGAGAAGGCTATTTGAACTCTACTAATGTCACTATTGCAACCTACTGTACTGGTTCTATACCTTGTAGTGTTTGTCTTAGTGGTTTAGATTCTTTAGACACCTATCCTTCTTTAGAAACTATACAAATTACCATTTCATCTTTTAAATGGGATTTAACT,...(((((((...)))))))(((((((..(((((.....))))))))))))....................(((((..((((..(((((((..(((.....))).))))))).))))..)))))((.(((.((((..(((..........)))..)))).))).))(((((.((((((........)))))))))))....,7122,Edited,1
CCACATAGATCATCCAAATCCTAAAGGATTTTGTGACTTAAAAGGTAAGTATGTACAAATACCTACAACTTGTGCTAATGACCCTGTGGGTTTTACACTTAAAAACACAGTCTGTACCGTCTGCGGTATGTGGAAAGGTTATGGCTGTAGTTGTGATCAACTCCGCGAACCCATGCTTCAGTCAGCTGATGCACAATCGTT,.......((((((..((((((....)))))).............(((.((((......)))).))).....(((.(((.(((((...))))))))))).....(((((((((...(((.(((((.....)))))..)))...)))))).)))))))))......((((.....(((.((((....)))).)))...)))).,13361,Non-edited,0
TACTGTACTGGTTACAGAGAAGGCTATTTGAACTCTACTAATGTCACTATTGCAACCTACTGTACTGGTTCTATACCTTGTAGTGTTTGTCTTAGTGGTTTAGATTCTTTAGACACCTATCCTTCTTTAGAAACTATACAAATTACCATTTCATCTTTTAAATGGGATTTAACTGCTTTTGGCTTAGTTGCAGAGTGGTTT,...((((.(((((.(((((((((.((..((...((((((((..((((((..((((..(((((((..(((.....))).))))))).))))..)))))).))))......))))))..)).)))))))).).))))))))).....((((((........)))))).....(((((((((..((......))))))))))).,7149,Edited,1
CGTCCGTGTTGCAGCCGATCATCAGCACATCTAGGTTTCGTCCGGGTGTGACCGAAAGGTAAGATGGAGAGCCTTGTCCCTGGTTTCAACGAGAAAACACACGTCCAACTCAGTTTGCCTGTTTTACAGGTTCGCGACGTGCTCGTACGTGGCTTTGGAGACTCCGTGGAGGAGGTCTTATCAGAGGCACGTCAACATCTT,..(((((.((...(((..((.....(((((((.((......)))))))))...))..))))).)))))(((((........)))))..(((((......((((((.......((..((((((...))))))..)))))))))))))(((((.(((((((((((((.....))).)))))..))))).))))).........,303,Non-edited,0
AGGACACGAGTAACTCGTCTATCTTCTGCAGGCTGCTTACGGTTTCGTCCGTGTTGCAGCCGATCATCAGCACATCTAGGTTTCGTCCGGGTGTGACCGAAAGGTAAGATGGAGAGCCTTGTCCCTGGTTTCAACGAGAAAACACACGTCCAACTCAGTTTGCCTGTTTTACAGGTTCGCGACGTGCTCGTACGTGGCTTT,(((..(((((...(((.((((((((.....((((((.(((((......)))))..)))))).........(((((((.((......)))))))))(((....)))))))))))))).))))).)))((((...(((((......((((((.......((..((((((...))))))..)))))))))))))....))))..,258,Non-edited,0
GAATGAATTCTCGTAACTACATAGCACAAGTAGATGTAGTTAACTTTAATCTCACATAGCAATCTTTAATCAGTGTGTAACATTAGGGAGGACTTGAAAGAGCCACCACATTTTCACCGAGGCCACGCGGAGTACGATCGAGTGTACAGTGAACAATGCTAGGGAGAGCTGCCTATATGGAAGAGCCCTAATGTGTAAAAT,.............(((((((((.((....))..)))))))))..........(((((...............)))))..(((((((((.((.(((....)))))....(((((((((...(..(((.(((.......))).)))..).))))).)))).((((........))))..........))))))))).......,29716,Edited,1
CATTGATTGCTGCAGTCATAACAAGAGAAGTGGGTTTTGTCGTGCCTGGTTTGCCTGGCACGATATTACGCACAACTAATGGTGACTTTTTGCATTTCTTACCTAGAGTTTTTAGTGCAGTTGGTAACATCTGTTACACACCATCAAAACTTATAGAGTACACTGACTTTGCAACATCAGCTTGTGTTTTGGCTGCTGAAT,...........(((((((.((((.(((..(((.((..(((((((((.((....)).)))))))))..)).))).....((((((.....(((((((....((.....))....)))))))...(((((....))))).)))))).........((((((......)))))).........))).)))).))))))).....,8920,Non-edited,0
GCCTCAACTTGAACAGCCCTATGTGTTCATCAAACGTTCGGATGCTCGAACTGCACCTCATGGTCATGTTATGGTTGAGCTGGTAGCAGAACTCGAAGGCATTCAGTACGGTCGTAGTGGTGAGACACTTGGTGTCCTTGTCCCTCATGTGGGCGAAATACCAGTGGCTTACCGCAAGGTTCTTCTTCGTAAGAACGGTAA,(((......((((((........)))))).....(((.(((((((((((.(((((((....(.(((.........))).).))).))))...))))..)))))).).)))......((((((((.((((.(((((..(((((((....).)))))).))))))))).))))))))...((((((......)))))))))..,548,Non-edited,0
GTAGAAGTTGAAAAAGGCGTTTTGCCTCAACTTGAACAGCCCTATGTGTTCATCAAACGTTCGGATGCTCGAACTGCACCTCATGGTCATGTTATGGTTGAGCTGGTAGCAGAACTCGAAGGCATTCAGTACGGTCGTAGTGGTGAGACACTTGGTGTCCTTGTCCCTCATGTGGGCGAAATACCAGTGGCTTACCGCAAG,....(((((((....(((.....))))))))))(((((........)))))......(((.(((((((((((.(((((((....(.(((.........))).).))).))))...))))..)))))).).)))......((((((((.((((.(((((..(((((((....).)))))).))))))))).))))))))...,525,Non-edited,0
ATACCAGTGGCTTACCGCAAGGTTCTTCTTCGTAAGAACGGTAATAAAGGAGCTGGTGGCCATAGTTACGGCGCCGATCTAAAGTCATTTGACTTAGGCGACGAGCTTGGCACTGATCCTTATGAAGATTTTCAAGAAAACTGGAACACTAAACATAGCAGTGGTGTTACCCGTGAACTCATGCGTGAGCTTAACGGAGGG,...((...(((((((.(((.(((((.(((((((((((.((((.......(((((.((.(((..(((((.(((...........)))...)))))..))).)).)))))...)))).).))))))))))...........((.(((((((((..........))))))).)).)))))))..))))))))))....))....,705,Non-edited,0
CGCTACTGCAACGATACCGATACAAGCCTCACTCCCTTTCGGATGGCTTATTGTTGGCGTTGCACTTCTTGCTGTTTTTCAGAGCGCTTCCAAAATCATAACCCTCAAAAAGAGATGGCAACTAGCACTCTCCAAGGGTGTTCACTTTGTTTGCAACTTGCTGTTGTTGTTTGTAACAGTTTACTCACACCTTTTGCTCGT,.((...(((((((...((((((.(((((....(((.....))).)))))..)))))))))))))......)).........(((((.........................((((..((.....))..)))).((((((((.....(((((.(((((........)))))....))))).......)))))))))))))..,25582,Edited,1
ATGCCACACATTCTGACAAATTCACAGATGGTGTATGCCTATTTTGGAATTGCAATGTCGATAGATATCCTGCTAATTCCATTGTTTGTAGATTTGACACTAGAGTGCTATCTAACCTTAACTTGCCTGGTTGTGATGGTGGCAGTTTGTATGTAAATAAACATGCATTCCACACACCAGCTTTTGATAAAAGTGCTTTTG,.((((((.(((((((.((((((.(((((((((....))).....(((((((((((((((....)))))..))).)))))))..)))))).))))))....))))))).(((((((((...........))))).))))))))))(..(((((((......)))))))..)........(((((((....)))).)))....,19248,Edited,1
TCAATTGTCATTACTTCAGGTGATGGCACAACAAGTCCTATTTCTGAACATGACTACCAGATTGGTGGTTATACTGAAAAATGGGAATCTGGAGTAAAAGACTGTGTTGTATTACACAGTTACTTCACTTCAGACTATTACCAGCTGTACTCAACTCAATTGAGTACAGACACTGGTGTTGAACATGTTACCTTCTTCATC,(((((((((((((((...)))))))))).......((((((((.(.(..((((((((((...))))))))))..).).)))))))).((((((((((..((((((((......))))))))..)).)))))))).....(((((((((((((((.....))))))))))...))))))))))...................,25988,Non-edited,0
GTTTCAACGAGAAAACACACGTCCAACTCAGTTTGCCTGTTTTACAGGTTCGCGACGTGCTCGTACGTGGCTTTGGAGACTCCGTGGAGGAGGTCTTATCAGAGGCACGTCAACATCTTAAAGATGGCACTTGTGGCTTAGTAGAAGTTGAAAAAGGCGTTTTGCCTCAACTTGAACAGCCCTATGTGTTCATCAAACGTT,((((..(((((......((((((.......((..((((((...))))))..)))))))))))))(((((.(((((((((((((.....))).)))))..))))).)))))............((((((((.((.((((..((..(((((((....(((.....))))))))))..)))))).)).))).)))))))))...,385,Non-edited,0
GTTTTAATTGTTACTTTCCTTTACAATCATATGGTTTCCAACCCACTAATGGTGTTGGTTACCAACCATACAGAGTAGTAGTACTTTCTTTTGAACTTCTACATGCACCAGCAACTGTTTGTGGACCTAAAAAGTCTACTAATTTGGTTAAAAACAAATGTGTCAATTTCAACTTCAATGGTTTAACAGGCACAGGTGTTC,......(((((...........)))))....((((..((((((((....))).)))))..))))......((((.((((((.(((((...(((....((((((.(((........))).))))))..)))))))))))))).))))......((((..((((((..((..((((.....)))).))..))))))..)))).,23116,Edited,1
GTGTTCATCAAACGTTCGGATGCTCGAACTGCACCTCATGGTCATGTTATGGTTGAGCTGGTAGCAGAACTCGAAGGCATTCAGTACGGTCGTAGTGGTGAGACACTTGGTGTCCTTGTCCCTCATGTGGGCGAAATACCAGTGGCTTACCGCAAGGTTCTTCTTCGTAAGAACGGTAATAAAGGAGCTGGTGGCCATAGT,(((.((((((...((((((((((((((.(((((((....(.(((.........))).).))).))))...))))..))))))..(((....)))((((((((.((((.(((((..(((((((....).)))))).))))))))).))))))))...((((((......))))))..........)))))))))).)))...,570,Non-edited,0
TAACTGAGAATAAATATTCTCAATTAGATGAAGAGCAACCAATGGAGATTGATTAAACGAACATGAAAATTATTCTTTTCTTGGCACTGATAACACTCGCTACTTGTGAGCTTTATCACTACCAAGAGTGTGTTAGAGGTACAACAGTACTTTTAAAAGAACCTTGCTCTTCTGGAACATACGAGGGCAATTCACCATTTC,(((.(((((((....))))))).)))...(((((((((.....(((((.(((((.............))))).)))))((((((...((((((..(((((.....)))))..))))))...))))))((...((((((((((....))))))))))....)).)))))))))............((........)).....,27432,Edited,1
TAGTTGAAGTTGTTGATAAGTACTTTGATTGTTACGATGGTGGCTGTATTAATGCTAACCAAGTCATCGTCAACAACCTAGACAAATCAGCTGGTTTTCCATTTAATAAATGGGGTAAGGCTAGACTTTATTATGATTCAATGAGTTATGAGGATCAAGATGCACTTTTCGCATATACAAAACGTAATGTCATCCCTACTA,....(((((((((((((..((.((..(.(((((..((((((((((...(((....)))...))))))))))))))))..))))..))))))(((((((((((((...)))))))...)))))))))))))(((((((((...)))))))))((((....((((.......)))).(((.....))).....))))......,14955,Non-edited,0
TGAGCTGGTAGCAGAACTCGAAGGCATTCAGTACGGTCGTAGTGGTGAGACACTTGGTGTCCTTGTCCCTCATGTGGGCGAAATACCAGTGGCTTACCGCAAGGTTCTTCTTCGTAAGAACGGTAATAAAGGAGCTGGTGGCCATAGTTACGGCGCCGATCTAAAGTCATTTGACTTAGGCGACGAGCTTGGCACTGATCC,(((((((....)))..))))..((...(((((...(((...((((((((.((((.(((((..(((((((....).)))))).))))))))).))))))))...((((((......))))))..........(((((.((.(((..(((((.(((...........)))...)))))..))).)).))))))))))))).)),623,Non-edited,0
AGGGCTCAGAATATGACTATGTCATATTCACTCAAACCACTGAAACAGCTCACTCTTGTAATGTAAACAGATTTAATGTTGCTATTACCAGAGCAAAAGTAGGCATACTTTGCATAATGTCTGATAGAGACCTTTATGACAAGTTGCAATTTACAAGTCTTGAAATTCCACGTAGGAATGTGGCAACTTTACAAGCTGAAA,.(((((..(((((((((...)))))))))..(((......)))...))))).((((.((((((..((((.......))))..)))))).)))).....(((((((.((((..(((((.((((.....))))..)))))..)))))))...)))).((.(((((((((((((((....)))))).)).))).))))))....,17946,Edited,1
TGCTTACGGTTTCGTCCGTGTTGCAGCCGATCATCAGCACATCTAGGTTTCGTCCGGGTGTGACCGAAAGGTAAGATGGAGAGCCTTGTCCCTGGTTTCAACGAGAAAACACACGTCCAACTCAGTTTGCCTGTTTTACAGGTTCGCGACGTGCTCGTACGTGGCTTTGGAGACTCCGTGGAGGAGGTCTTATCAGAGGCA,(((.(((((......)))))..)))(((.........(((((((.((......)))))))))(((....)))..((((.(((.((((.(((.(((..((..((((....((((((..((..((.((..((((((...))))))..))))..))..)))..)))..))))..))..))).))).)))))))))))...))).,291,Non-edited,0
AGATCATCCAAATCCTAAAGGATTTTGTGACTTAAAAGGTAAGTATGTACAAATACCTACAACTTGTGCTAATGACCCTGTGGGTTTTACACTTAAAAACACAGTCTGTACCGTCTGCGGTATGTGGAAAGGTTATGGCTGTAGTTGTGATCAACTCCGCGAACCCATGCTTCAGTCAGCTGATGCACAATCGTTTTTAAA,.((((((..((((((....)))))).............(((.((((......)))).))).....(((.(((.(((((...))))))))))).....(((((((((...(((.(((((.....)))))..)))...)))))).)))))))))......((((.....(((.((((....)))).)))...)))).......,13367,Non-edited,0
GAGTATTGCCCTATTTTCTTCATAACTGGTAATACACTTCAGTGTATAATGCTAGTTTATTGTTTCTTAGGCTATTTTTGTACTTGTTACTTTGGCCTCTTTTGTTTACTCAACCGCTACTTTAGACTGACTCTTGGTGTTTATGATTACTTAGTTTCTACACAGGAGTTTAGATATATGAATTCACAGGGACTACTCCCA,(((((.(.((((......(((((((((((((((((((....))))))..)))))))............((((((.....(((.....)))..)))))).....(((((..............))))).((((((((.(((....((((....))))...)))))))))))......)))))).....))))).)))))...,11655,Edited,1
ATTCAACTTTGATTGGTGATTGTGCAACTGTACATACAGCTAATAAATGGGATCTCATTATTAGTGATATGTACGACCCTAAGACTAAAAATGTTACAAAAGAAAATGACTCTAAAGAGGGTTTTTTCACTTACATTTGTGGGTTTATACAACAAAAGCTAGCTCTTGGAGGTTCCGTGGCTATAAAGATAACAGAACATT,......(((((..((((.((.........(((((((..((((((((.(((....)))))))))))..)))))))(((((((((((((....((((......(((((.((((((....)))))))))))((((((....))))))......)))).....))).)))))).))))..)).))))))))).............,21081,Edited,1
GTCCTTGTCCCTCATGTGGGCGAAATACCAGTGGCTTACCGCAAGGTTCTTCTTCGTAAGAACGGTAATAAAGGAGCTGGTGGCCATAGTTACGGCGCCGATCTAAAGTCATTTGACTTAGGCGACGAGCTTGGCACTGATCCTTATGAAGATTTTCAAGAAAACTGGAACACTAAACATAGCAGTGGTGTTACCCGTGAA,....(((((((....).))))))(((((((.((.((.........((((((((((((((((.((((.......(((((.((.(((..(((((.(((...........)))...)))))..))).)).)))))...)))).).))))))))))..............))))).........)))).))))))).........,681,Non-edited,0
GAATGTGTCCTTAGACAATGTCTTATCTACTTTTATTTCAGCAGCTCGGCAAGGGTTTGTTGATTCAGATGTAGAAACTAAAGATGTTGTTGAATGTCTTAAATTGTCACATCAATCTGACATAGAAGTTACTGGCGATAGTTGTAATAACTATATGCTCACCTATAACAAAGTTGAAAACATGACACCCCGTGACCTTGG,....(((((....(((((((((((.(((((.(((...((((((((((.....))).)))))))...))).))))).....)))))))))))..(((((....((((......))))..)))))....((((..((.((((((((...)))))).....)).))..))))..............))))).(((......))),8231,Edited,1
CTTGAACAGCCCTATGTGTTCATCAAACGTTCGGATGCTCGAACTGCACCTCATGGTCATGTTATGGTTGAGCTGGTAGCAGAACTCGAAGGCATTCAGTACGGTCGTAGTGGTGAGACACTTGGTGTCCTTGTCCCTCATGTGGGCGAAATACCAGTGGCTTACCGCAAGGTTCTTCTTCGTAAGAACGGTAATAAAGGA,..((((((........)))))).....(((.(((((((((((.(((((((....(.(((.........))).).))).))))...))))..)))))).).)))......((((((((.((((.(((((..(((((((....).)))))).))))))))).))))))))...((((((......))))))............,555,Non-edited,0
ATGGTTGAGCTGGTAGCAGAACTCGAAGGCATTCAGTACGGTCGTAGTGGTGAGACACTTGGTGTCCTTGTCCCTCATGTGGGCGAAATACCAGTGGCTTACCGCAAGGTTCTTCTTCGTAAGAACGGTAATAAAGGAGCTGGTGGCCATAGTTACGGCGCCGATCTAAAGTCATTTGACTTAGGCGACGAGCTTGGCACT,...((((((((.((.((..((.((((((((.((.((..(((.(((.((((((((.((((.(((((..(((((((....).)))))).))))))))).)))))))).((.(((((..((((....)))).....))))).)).(((((....))))).))))))..)).))))).))))).))..)).)).))))))))...,618,Non-edited,0
AATGCTAGTTTATTGTTTCTTAGGCTATTTTTGTACTTGTTACTTTGGCCTCTTTTGTTTACTCAACCGCTACTTTAGACTGACTCTTGGTGTTTATGATTACTTAGTTTCTACACAGGAGTTTAGATATATGAATTCACAGGGACTACTCCCACCCAAGAATAGCATAGATGCCTTCAAACTCAACATTAAATTGTTGGG,..............((.(((...((((((((((............((((.....(((......)))..)))).......((((((((((.(((....((((....))))...))))))))).))))...............((((....))))...))))))))))..))).)).......(((((((......))))))),11702,Edited,1
TCCACGTAGGAATGTGGCAACTTTACAAGCTGAAAATGTAACAGGACTCTTTAAAGATTGTAGTAAGGTAATCACTGGGTTACATCCTACACAGGCACCTACACACCTCAGTGTTGACACTAAATTCAAAACTGAAGGTTTATGTGTTGACATACCTGGCATACCTAAGGACATGACCTATAGAAGACTCATCTCTATGAT,.((((((....))))))...(((((.((((((.........)))....))))))))(((((((...(((..((..(((((((..((((...((((.....((((((((((((.((((........)))).)))).))))....)))).......)))).........))))..)))))))..))..))).....))))))),18112,Edited,1
TTCACTATATGTTAAACCAGGTGGAACCTCATCAGGAGATGCCACAACTGCTTATGCTAATAGTGTTTTTAACATTTGTCAAGCTGTCACGGCCAATGTTAATGCACTTTTATCTACTGATGGTAACAAAATTGCCGATAAGTATGTCCGCAATTTACAACACAGACTTTATGAGTGTCTCTATAGAAATAGAGATGTTGA,((((((.............))))))...(((((((.(((((........((....))....(((((..((((((((.(((..........))).)))))))).)))))..))))).))))))).....(((((((.((((....)))).))))))).((((....((((...))))((((((((....)))))))))))).,15553,Edited,1
CAAAAATCTTAGGGAATTTGTGTTTAAGAATATTGATGGTTATTTTAAAATATATTCTAAGCACACGCCTATTAATTTAGTGCGTGATCTCCCTCAGGGTTTTTCGGCTTTAGAACCATTGGTAGATTTGCCAATAGGTATTAACATCACTAGGTTTCAAACTTTACTTGCTTTACATAGAAGTTATTTGACTCCTGGTGA,.((((((((((((((....(((((((.((((((..................)))))))))))))(((((((......))).))))....))))).))))))))).....((((.((((((((((....))))))).))).))))..((((((((..(((((....((((.((......))))))..)))))..)))))))),22220,Edited,1
CACTCAAAAGAAAGACAGAATGATTGAACTTTCATTAATTGACTTCTATTTGTGCTTTTTAGCCTTTCTGCTATTCCTTGTTTTAATTATGCTTATTATCTTTTGGTTCTCACTTGAACTGCAAGATCATAATGAAACTTGTCACGCCTAAACGAACATGAAATTTCTTGTTTTCTTAGGAATCATCACAACTGTAGCTGC,........((((((....(((((........))))).....((........))(((....)))))))))(((((..(..((((((.(((((......(((((.((((((......)))))).))))))))))))))))..).....(((((..(((((.((....)).)))))..))))).............)))))...,27837,Edited,1
CTTACAACAGCAGCCAAACTAATGGTTGTCATACCAGACTATAACACATATAAAAATACGTGTGATGGTACAACATTTACTTATGCATCAGCATTGTGGGAAATCCAACAGGTTGTAGATGCAGATAGTAAAATTGTTCAACTTAGTGAAATTAGTATGGACAATTCACCTAATTTAGCATGGCCTCTTATTGTAACAGCT,.((((((.((..((((..((((((((......)))).(((((.((((.(((....))).)))).))))).......(((((..((((((.(((((((.((....)).))))..))).))))))...)))))((((((((((((..........))).)))))))))........))))..))))..))..)))))).....,12555,Non-edited,0
ATGTGAGAAGGCATTAAAATATTTGCCTATAGATAAATGTAGTAGAATTATACCTGCACGTGCTCGTGTAGAGTGTTTTGATAAATTCAAAGTGAATTCAACATTAGAACAGTATGTCTTTTGTACTGTAAATGCATTGCCTGAGACGACAGCAGATATAGTTGTCTTTGATGAAATTTCAATGGCCACAAATTATGATTT,.((((...(((((..........))))).............(((......)))(((((((....)))))))(.(((((((((.((((((...))))))....))))))))).)..(((((..(((.(((....))).)))..)))))((((((.......)))))).((((.......))))....))))...........,17287,Edited,1
TTACCAGTGTGGTCACTATAAACATATAACTTCTAAAGAAACTTTGTATTGCATAGACGGTGCTTTACTTACAAAGTCCTCAGAATACAAAGGTCCTATTACGGATGTTTTCTACAAAGAAAACAGTTACACAACAACCATAAAACCAGTTACTTATAAATTGGATGGTGTTGTTTGTACAGAAATTGACCCTAAGTTGGA,...((((((.(((((...............(((....))).(((((((((.....((.((.(((((......)))))))))..)))))))))((((......))))(((((((....)))))))...(((((((((.((((....((((((.......))))))))))))))))..))).......))))).))..)))).,5855,Edited,1
ATGGTCATGTTATGGTTGAGCTGGTAGCAGAACTCGAAGGCATTCAGTACGGTCGTAGTGGTGAGACACTTGGTGTCCTTGTCCCTCATGTGGGCGAAATACCAGTGGCTTACCGCAAGGTTCTTCTTCGTAAGAACGGTAATAAAGGAGCTGGTGGCCATAGTTACGGCGCCGATCTAAAGTCATTTGACTTAGGCGACG,...((..((..(((.((((((((....)))..)))))...))).))..)).(((((.((((((((.((((.(((((..(((((((....).)))))).))))))))).))))))))...((((((......)))))).........((.((((.((((....)))))))).))...((((.(((....)))))))))))).,607,Non-edited,0
CTTATCAGAGGCACGTCAACATCTTAAAGATGGCACTTGTGGCTTAGTAGAAGTTGAAAAAGGCGTTTTGCCTCAACTTGAACAGCCCTATGTGTTCATCAAACGTTCGGATGCTCGAACTGCACCTCATGGTCATGTTATGGTTGAGCTGGTAGCAGAACTCGAAGGCATTCAGTACGGTCGTAGTGGTGAGACACTTGG,(((((((..(((.((((...........((((((((.((.((((..((..(((((((....(((.....))))))))))..)))))).)).))).)))))........((((((((((.(((((((....(.(((.........))).).))).))))...))))..)))))).).))))))....)))))))........,479,Non-edited,0
TGGTGCAATTTCAAGTGTTTTAAATGATATCCTTTCACGTCTTGACAAAGTTGAGGCTGAAGTGCAAATTGATAGGTTGATCACAGGCAGACTTCAAAGTTTGCAGACATATGTGACTCAACAATTAATTAGAGCTGCAGAAATCAGAGCTTCTGCTAATCTTGCTGCTACTAAAATGTCAGAGTGTGTACTTGGACAATC,(((((((.......(((((......)))))..(((((.((((((((...)))))))))))))....(((((((..((((((((((.(((((((....))))))).......))))).))))).)))))))(((...((((((........))))))...)))...))).))))...((((.((((....)))).))))...,24572,Edited,1
CATCTAGGTTTCGTCCGGGTGTGACCGAAAGGTAAGATGGAGAGCCTTGTCCCTGGTTTCAACGAGAAAACACACGTCCAACTCAGTTTGCCTGTTTTACAGGTTCGCGACGTGCTCGTACGTGGCTTTGGAGACTCCGTGGAGGAGGTCTTATCAGAGGCACGTCAACATCTTAAAGATGGCACTTGTGGCTTAGTAGAA,..((((......((((((((((.(((....)))........(((((........)))))..(((((......((((((.......((..((((((...))))))..)))))))))))))(((((.(((((((((((((.....))).)))))..))))).)))))...(((((...)))))))))))).)))....)))).,330,Non-edited,0
TGTCTGACAGAGAATTACATCTTTCATGGGAAGTTGGTAAACCTAGACCACCACTTAACCGAAATTATGTCTTTACTGGTTATCGTGTAACTAAAAACAGTAAAGTACAAATAGGAGAGTACACCTTTGAAAAAGGTGACTATGGTGATGCTGTTGTTTACCGAGGTACAACAACTTACAAATTAAATGTTGGTGATTATT,...((((((...((((.((((..((((((...(.((((........)))).)((((..((...(((.((((((((((((((((...)))))......)))))))).)))))).)).)))).(((((((...))))))).)))))).))))..(((((((((....))).)))))).....))))...))))))........,16809,Edited,1
AACTCAACATTAAATTGTTGGGTGTTGGTGGCAAACCTTGTATCAAAGTAGCCACTGTACAGTCTAAAATGTCAGATGTAAAGTGCACATCAGTAGTCTTACTCTCAGTTTTGCAACAACTCAGAGTAGAATCATCATCTAAATTGTGGGCTCAATGTGTCCAGTTACACAATGACATTCTCTTAGCTAAAGATACTACTG,.((((((((......))))))))(((((((((....(((......)))..))))))).))((.(((((((((((..(((((...((((((..(.(((((((((((.((((.......)))).))))))...................)))))).))))))....)))))...)))))))...)))))).............,11881,Edited,1
